Employee_ID,Age,first_name,last_name,gender,Gender,Department,Job_Role,Education_Level,Marital_Status,Job_Tenure,Distance_From_Home
1,22,Konstantin,Shutler,Male,Other,HR,Developer,PhD,Married,1,8
2,38,Thorvald,Skoggins,Male,Other,IT,Marketing Lead,Master's,Married,18,32
3,35,Gracia,Teggin,Genderqueer,Male,Sales,Senior Developer,Bachelor's,Divorced,4,42
4,37,Kerwinn,Romme,Male,Male,Marketing,Senior Developer,Bachelor's,Divorced,5,43
5,26,Randene,Millier,Female,Female,Operations,Manager,Master's,Single,10,33
6,44,Nikolia,Buten,Female,Other,Marketing,Developer,Master's,Single,15,15
7,38,Rupert,Truesdale,Genderfluid,Male,Finance,Marketing Lead,PhD,Single,7,2
8,28,Glynis,Horlick,Female,Male,IT,Developer,PhD,Married,19,38
9,22,Melantha,Seilmann,Bigender,Female,Finance,Marketing Lead,Bachelor's,Single,12,37
10,25,Juan,McCumesky,Male,Female,Operations,HR Specialist,PhD,Divorced,2,37
11,46,Willow,Lagde,Female,Female,Marketing,Manager,Master's,Married,1,31
12,50,Corissa,Haseman,Genderqueer,Female,HR,Senior Developer,PhD,Married,7,18
13,48,Kelsey,Wolfindale,Male,Other,Finance,Manager,Master's,Single,7,45
14,32,Filippa,Focke,Female,Other,HR,HR Specialist,Bachelor's,Divorced,10,48
15,48,Maitilde,Mapplebeck,Female,Female,Finance,Data Analyst,Bachelor's,Single,6,7
16,53,Richmond,Cadlock,Male,Other,IT,Manager,PhD,Married,8,38
17,46,Fredra,Chasteney,Female,Other,IT,Manager,Bachelor's,Single,9,12
18,44,Gifford,Aujean,Male,Male,Operations,HR Specialist,Bachelor's,Married,6,25
19,56,Zelda,Dearth,Female,Other,Marketing,Manager,PhD,Married,11,31
20,46,Massimiliano,Chattelaine,Bigender,Other,IT,Manager,Bachelor's,Divorced,18,42
21,28,Carly,Ilyuchyov,Male,Female,Finance,HR Specialist,Master's,Divorced,8,45
22,52,Corey,Kefford,Male,Female,Finance,HR Specialist,Bachelor's,Single,6,28
23,58,Elnar,Clace,Male,Female,HR,Senior Developer,Bachelor's,Single,7,20
24,36,Saleem,Broz,Male,Male,Sales,Data Analyst,Bachelor's,Single,1,37
25,32,Robinetta,Donnachie,Female,Male,Finance,Marketing Lead,Master's,Divorced,6,9
26,50,Shepperd,Easlea,Genderfluid,Female,HR,Marketing Lead,Bachelor's,Divorced,9,7
27,26,Giavani,Surmeyers,Male,Male,Marketing,Data Analyst,Bachelor's,Divorced,4,21
28,24,Finley,Bromage,Agender,Male,IT,Data Analyst,PhD,Divorced,1,5
29,40,Sax,Smallpiece,Male,Other,IT,Data Analyst,Bachelor's,Divorced,5,46
30,23,Joy,Dunan,Female,Other,Finance,HR Specialist,Bachelor's,Single,13,35
31,42,Brig,Colter,Male,Other,IT,Marketing Lead,Bachelor's,Married,4,12
32,38,Maxim,Beven,Male,Female,Marketing,Developer,Master's,Single,11,26
33,28,Ariella,Fewell,Agender,Female,Sales,Developer,PhD,Single,7,45
34,26,Barnie,Flemmich,Male,Female,Operations,Developer,Bachelor's,Single,10,2
35,43,Ula,Butland,Female,Male,Finance,Senior Developer,PhD,Divorced,15,26
36,32,Roddie,Shine,Male,Other,Marketing,Data Analyst,Master's,Divorced,8,36
37,46,Ferdinande,Nolder,Non-binary,Other,Operations,Data Analyst,PhD,Divorced,12,35
38,32,Miller,Farans,Male,Female,HR,Marketing Lead,PhD,Divorced,12,34
39,26,Virgina,Youdell,Female,Female,Sales,Manager,Bachelor's,Divorced,6,32
40,57,Grazia,Sparshott,Female,Female,Finance,HR Specialist,Master's,Single,17,5
41,27,Nadya,Kenealy,Female,Female,IT,Marketing Lead,Bachelor's,Married,20,34
42,43,Beauregard,De Anesy,Male,Female,Finance,Senior Developer,Bachelor's,Divorced,14,38
43,60,Debby,McConaghy,Female,Female,HR,Manager,Bachelor's,Married,3,35
44,52,Athene,Georges,Female,Female,IT,Data Analyst,Bachelor's,Divorced,4,46
45,23,Wyatan,Klimek,Male,Other,Operations,HR Specialist,Master's,Married,5,42
46,49,Ephrayim,Nassey,Male,Male,Sales,Manager,PhD,Single,5,8
47,32,Guinevere,Baudinet,Female,Male,Operations,HR Specialist,Master's,Divorced,7,49
48,60,Camellia,Deverose,Female,Other,Finance,Developer,Master's,Single,7,49
49,49,Nixie,Kingerby,Female,Other,Marketing,Data Analyst,PhD,Divorced,18,14
50,32,Cindelyn,Gundry,Female,Male,HR,Data Analyst,PhD,Married,13,43
51,25,Godfree,Choppin,Male,Female,Finance,Data Analyst,PhD,Single,12,8
52,28,Padget,Chetwynd,Male,Male,Operations,HR Specialist,Master's,Divorced,11,12
53,43,Antons,Haslum,Male,Other,Marketing,HR Specialist,Bachelor's,Single,20,39
54,35,Nedda,Antoshin,Female,Male,Finance,Senior Developer,Master's,Single,14,45
55,34,Amity,Banger,Female,Female,HR,Senior Developer,Bachelor's,Married,8,12
56,48,Baird,Vearnals,Male,Other,Finance,Senior Developer,Master's,Single,2,1
57,57,Dirk,Hickeringill,Male,Other,IT,Marketing Lead,Bachelor's,Divorced,20,36
58,56,Ginevra,Manilove,Female,Male,IT,Developer,PhD,Divorced,19,29
59,38,Jervis,Golder,Male,Other,Marketing,Developer,Master's,Single,7,21
60,40,Eachelle,Pedrollo,Female,Male,Operations,HR Specialist,Master's,Single,18,8
61,41,Brannon,Weeks,Male,Male,IT,Senior Developer,Bachelor's,Divorced,10,3
62,37,Querida,Beverstock,Female,Other,Sales,Data Analyst,Bachelor's,Single,5,9
63,28,Edouard,Godmar,Male,Other,Sales,Data Analyst,Master's,Married,11,37
64,25,Luca,Lampbrecht,Male,Male,Finance,Developer,Master's,Married,8,14
65,47,Chelsie,Jacobovitz,Female,Other,Operations,Developer,PhD,Single,2,42
66,58,Armand,Creddon,Male,Other,Sales,HR Specialist,Bachelor's,Divorced,9,11
67,57,Kally,Shutle,Female,Female,Sales,HR Specialist,Bachelor's,Married,5,6
68,53,Sherry,Shwalbe,Female,Other,HR,Manager,Master's,Single,17,36
69,31,Angelica,Jakuszewski,Female,Male,HR,Manager,Bachelor's,Single,19,17
70,25,Simeon,Leads,Male,Male,Sales,HR Specialist,Bachelor's,Single,16,49
71,45,Pasquale,Walker,Male,Other,HR,Manager,Bachelor's,Married,7,3
72,22,Christabella,Hutson,Female,Female,Sales,Developer,Bachelor's,Divorced,3,6
73,49,Britney,Hover,Female,Other,Marketing,HR Specialist,Bachelor's,Married,16,8
74,27,Anett,Askam,Female,Other,HR,HR Specialist,Bachelor's,Divorced,20,33
75,40,Waldo,Dryburgh,Male,Female,Sales,Senior Developer,Bachelor's,Divorced,3,20
76,60,Davide,Alliberton,Male,Other,Sales,Developer,Master's,Single,6,24
77,52,Theo,Harkins,Male,Male,Finance,Developer,Bachelor's,Divorced,17,35
78,34,Sashenka,Murie,Female,Female,Operations,Marketing Lead,PhD,Divorced,13,11
79,28,Arty,Pipping,Male,Female,Marketing,Marketing Lead,Master's,Divorced,17,28
80,23,Cassey,Gras,Female,Male,Operations,Senior Developer,Master's,Single,12,43
81,35,Sherlock,Quadri,Male,Other,Marketing,Marketing Lead,Bachelor's,Married,16,1
82,32,Dorelle,Kornousek,Agender,Other,Finance,Manager,Bachelor's,Single,17,16
83,40,Claus,McAdam,Male,Female,Finance,HR Specialist,Bachelor's,Divorced,15,20
84,27,Halsey,Lovejoy,Male,Male,Operations,Data Analyst,Master's,Divorced,6,3
85,52,Lannie,Feldmann,Male,Female,Finance,Manager,Master's,Single,11,34
86,29,Deb,Freckelton,Female,Other,IT,Developer,Bachelor's,Single,12,19
87,41,Kennedy,Bleasdale,Male,Other,Sales,Marketing Lead,Master's,Divorced,17,43
88,47,Kiley,Jeffcoate,Male,Male,IT,Data Analyst,PhD,Divorced,16,35
89,52,Thebault,Wellwood,Male,Female,HR,Manager,Bachelor's,Divorced,16,29
90,53,Marshal,Finlay,Male,Female,Finance,Developer,Master's,Single,16,9
91,38,Babita,Glowinski,Female,Other,Operations,Marketing Lead,Bachelor's,Single,9,37
92,27,Gareth,Brisley,Male,Male,Sales,HR Specialist,Bachelor's,Married,19,32
93,56,Ralf,Caulier,Male,Other,Sales,HR Specialist,PhD,Divorced,13,45
94,46,Sullivan,Alyonov,Male,Male,HR,Marketing Lead,PhD,Married,19,21
95,33,Malvina,Peaseman,Female,Other,Operations,HR Specialist,Bachelor's,Single,2,34
96,45,Celie,Van Saltsberg,Female,Other,Marketing,Senior Developer,PhD,Divorced,7,23
97,46,Sherlocke,Rozenzweig,Male,Male,Sales,Marketing Lead,Master's,Divorced,8,39
98,45,Joell,Bockmann,Female,Other,Marketing,Senior Developer,Bachelor's,Married,7,35
99,33,Kendall,Beane,Male,Male,Operations,Marketing Lead,Bachelor's,Divorced,15,33
100,50,Dehlia,Torrisi,Female,Female,Sales,Senior Developer,Master's,Single,8,14
101,24,Price,Davidescu,Male,Male,IT,HR Specialist,Master's,Married,13,45
102,38,Gerome,O'Looney,Male,Male,Finance,HR Specialist,PhD,Married,7,7
103,50,Oliy,Scotti,Female,Other,Operations,Manager,Master's,Married,10,43
104,51,Nickola,Arnison,Male,Other,Marketing,Developer,Bachelor's,Married,14,3
105,38,Jo,Dudny,Female,Other,IT,Senior Developer,PhD,Divorced,13,16
106,36,Elfrida,Vasilchikov,Female,Male,Operations,Data Analyst,Master's,Single,19,3
107,39,Zorine,Capsey,Female,Other,Sales,Marketing Lead,Bachelor's,Married,6,13
108,58,Napoleon,Savoury,Male,Other,Finance,HR Specialist,PhD,Single,12,10
109,25,Madeleine,Geekin,Female,Female,IT,HR Specialist,Bachelor's,Single,9,20
110,31,Paulita,Dewis,Female,Female,Finance,Marketing Lead,Bachelor's,Single,18,14
111,28,Marlene,Roncelli,Female,Male,Sales,Developer,Bachelor's,Married,3,9
112,27,Chad,Porteous,Male,Male,Operations,Marketing Lead,Master's,Married,5,39
113,44,Inesita,Lindores,Female,Female,Sales,Data Analyst,Bachelor's,Divorced,3,36
114,56,Alexandrina,Womack,Female,Male,IT,Senior Developer,PhD,Married,10,14
115,48,Yul,Renyard,Male,Male,Sales,Senior Developer,Bachelor's,Married,15,38
116,59,Roxy,Sabban,Female,Female,HR,Data Analyst,PhD,Single,17,23
117,36,Lisa,Posselwhite,Female,Female,Finance,Data Analyst,Master's,Single,12,18
118,57,Christos,Eaglen,Male,Male,Sales,Manager,Bachelor's,Single,8,9
119,25,Giulietta,Yukhnev,Female,Male,Sales,Data Analyst,Master's,Divorced,19,47
120,46,Del,Wilshere,Male,Other,Operations,Data Analyst,Bachelor's,Married,2,40
121,55,Tarrah,Figgures,Female,Male,HR,Marketing Lead,Bachelor's,Married,15,28
122,48,Hillard,Exon,Male,Other,Finance,HR Specialist,Bachelor's,Divorced,17,5
123,56,Kerby,Whittlesea,Male,Female,Marketing,Manager,Master's,Married,20,36
124,52,Calv,Eilhart,Bigender,Female,HR,Marketing Lead,Bachelor's,Married,11,17
125,58,Vi,Lacotte,Female,Female,HR,Marketing Lead,Bachelor's,Single,14,17
126,37,Kelila,Laherty,Female,Female,Finance,HR Specialist,Bachelor's,Single,15,25
127,52,Faunie,Luten,Female,Male,Operations,Developer,PhD,Married,15,42
128,41,Elbertina,Hullah,Female,Male,HR,Marketing Lead,Bachelor's,Divorced,14,11
129,27,Orbadiah,Ewers,Male,Other,Finance,Manager,PhD,Married,14,26
130,47,Mauricio,Simmen,Male,Female,Operations,HR Specialist,Bachelor's,Married,12,30
131,24,Zita,Gasnoll,Female,Male,HR,Senior Developer,PhD,Divorced,16,6
132,54,Branden,Goode,Male,Other,Finance,Developer,Master's,Married,11,17
133,58,Garry,Bayne,Male,Other,Operations,HR Specialist,Bachelor's,Single,9,44
134,55,Pablo,Saxby,Male,Other,Finance,Manager,Master's,Single,13,28
135,58,Onfre,Peart,Agender,Female,Marketing,Marketing Lead,PhD,Single,1,45
136,31,Gussy,Beecham,Female,Other,Operations,Manager,Bachelor's,Single,6,10
137,29,Hamlin,Fairhall,Male,Female,Sales,Data Analyst,PhD,Married,15,35
138,50,Bartolemo,Treen,Genderqueer,Other,Operations,Marketing Lead,Master's,Divorced,8,14
139,33,Casey,Caukill,Female,Other,Finance,HR Specialist,PhD,Single,9,5
140,32,Derby,Durram,Male,Other,IT,Developer,Master's,Married,3,41
141,35,Thadeus,Bullocke,Non-binary,Male,Operations,HR Specialist,Bachelor's,Divorced,12,47
142,34,Elbertine,Benny,Female,Female,Marketing,Data Analyst,Master's,Divorced,3,18
143,30,Agnes,Starmer,Polygender,Other,Operations,Data Analyst,Master's,Divorced,10,41
144,24,Ardisj,Garland,Female,Female,Operations,Manager,Master's,Divorced,17,45
145,49,Ruthe,Kirtlan,Female,Female,Marketing,Manager,Master's,Married,17,42
146,27,Koenraad,Durram,Male,Other,Sales,Senior Developer,PhD,Divorced,18,13
147,49,Hube,Dewsbury,Male,Other,HR,Senior Developer,Bachelor's,Married,3,46
148,34,Allyn,Feeny,Male,Male,HR,Marketing Lead,Bachelor's,Single,9,24
149,31,Heywood,Gilhouley,Male,Other,Finance,Data Analyst,PhD,Single,8,37
150,60,Benson,Peasey,Male,Female,Marketing,Manager,PhD,Married,4,43
151,38,Ethel,Hamon,Agender,Female,Finance,Senior Developer,PhD,Married,4,42
152,42,Tiertza,Killshaw,Female,Male,IT,Data Analyst,Master's,Divorced,3,33
153,26,Lucinda,Dufton,Female,Other,Operations,Senior Developer,Bachelor's,Divorced,12,39
154,27,Buckie,Windows,Male,Female,HR,HR Specialist,PhD,Married,2,11
155,46,Gwenni,Davage,Female,Female,Finance,Marketing Lead,PhD,Divorced,18,27
156,57,Veda,Dearn,Female,Female,Finance,Developer,Bachelor's,Married,7,10
157,47,Mellicent,Linscott,Genderfluid,Female,Marketing,HR Specialist,Bachelor's,Divorced,11,21
158,57,Leanora,Apted,Female,Female,IT,Marketing Lead,Bachelor's,Married,7,28
159,42,Celinka,Pardy,Female,Other,IT,Marketing Lead,Bachelor's,Married,11,25
160,39,Etheline,Well,Female,Male,Finance,HR Specialist,Master's,Divorced,9,2
161,55,Bram,Rosenbarg,Male,Other,IT,Senior Developer,PhD,Married,10,39
162,51,Gare,Naire,Male,Male,IT,Senior Developer,Master's,Married,9,16
163,22,Coralie,Enderby,Female,Female,Marketing,Data Analyst,Bachelor's,Single,7,5
164,59,Helen,Missen,Female,Male,Operations,Developer,PhD,Married,20,18
165,55,Ursuline,Poynor,Female,Male,Marketing,Developer,Bachelor's,Divorced,5,8
166,48,Therese,Wailes,Female,Male,Operations,Marketing Lead,Bachelor's,Single,18,35
167,29,Clevey,Burden,Male,Other,IT,Data Analyst,PhD,Divorced,9,8
168,48,Klara,Schultz,Female,Other,Finance,Developer,Master's,Single,1,44
169,31,Aurlie,Doswell,Female,Female,HR,HR Specialist,PhD,Divorced,10,36
170,31,Aharon,Prevett,Agender,Male,Finance,Data Analyst,Bachelor's,Single,10,27
171,58,Had,Melonby,Male,Male,Finance,Developer,PhD,Divorced,12,5
172,59,Idalina,Welling,Female,Male,HR,Manager,Bachelor's,Married,13,22
173,59,Risa,Kember,Bigender,Male,Marketing,Marketing Lead,Bachelor's,Married,13,41
174,28,Tod,Burndred,Male,Female,Finance,Manager,Bachelor's,Divorced,19,6
175,28,Idalia,Rothchild,Female,Other,Operations,Marketing Lead,PhD,Single,1,24
176,58,Micki,Hatz,Female,Other,IT,Marketing Lead,Master's,Single,16,22
177,28,Garrek,Elgood,Male,Male,IT,HR Specialist,PhD,Married,17,50
178,40,Kellie,Redhills,Female,Other,Marketing,Senior Developer,Bachelor's,Married,5,18
179,56,Clarie,Petriello,Female,Male,Marketing,Developer,Master's,Married,13,10
180,44,Filia,Truce,Female,Female,Marketing,Manager,Master's,Single,8,15
181,48,Sander,Jahndel,Genderfluid,Female,Sales,Developer,PhD,Single,8,18
182,38,Barney,Dyet,Male,Other,Operations,Marketing Lead,PhD,Married,7,1
183,46,Robbin,Augustin,Female,Male,Sales,Manager,Bachelor's,Married,16,7
184,53,Kermie,Barnard,Male,Female,IT,Manager,Bachelor's,Single,8,25
185,58,Guy,Doylend,Male,Other,Finance,Data Analyst,Bachelor's,Single,17,15
186,60,Amie,Pawnsford,Female,Female,Sales,Marketing Lead,Bachelor's,Single,19,25
187,52,Annabella,Spurrier,Female,Female,Finance,Developer,Master's,Divorced,18,7
188,24,Quill,Whyatt,Male,Male,HR,Manager,Master's,Married,15,8
189,33,Nappie,Maasze,Male,Other,IT,Developer,PhD,Married,15,12
190,39,Luke,Jupe,Bigender,Male,Sales,Manager,Bachelor's,Single,11,34
191,47,Shaun,Collidge,Male,Other,IT,Senior Developer,Master's,Single,3,47
192,31,Arleyne,Hatherell,Genderqueer,Female,HR,HR Specialist,PhD,Divorced,11,20
193,60,Milton,Keast,Male,Male,HR,Data Analyst,Bachelor's,Single,7,38
194,47,Gwyneth,Sprionghall,Female,Male,IT,Marketing Lead,PhD,Single,14,32
195,24,Aron,Tattershall,Male,Male,Sales,HR Specialist,Bachelor's,Divorced,14,7
196,47,Shelby,Paxforde,Agender,Male,Operations,Data Analyst,Bachelor's,Divorced,7,34
197,43,Bryant,Maillard,Male,Other,IT,Developer,Bachelor's,Married,15,23
198,37,Bonnee,Ashburner,Female,Other,Finance,Data Analyst,Master's,Married,15,45
199,25,Mercy,de Keep,Female,Male,Finance,HR Specialist,PhD,Divorced,18,37
200,52,Katha,Crommett,Female,Male,Finance,HR Specialist,Bachelor's,Single,1,19
201,39,Forster,Steuart,Male,Other,Finance,HR Specialist,Master's,Married,12,36
202,45,Trey,Buckthought,Male,Other,Finance,HR Specialist,PhD,Married,5,18
203,23,Kayley,Manolov,Female,Male,HR,Marketing Lead,PhD,Single,19,39
204,43,Braden,Studders,Genderqueer,Other,Sales,Senior Developer,Master's,Single,5,7
205,41,Ermin,McCroary,Male,Male,Sales,Data Analyst,PhD,Single,10,4
206,41,Andrej,Aronow,Male,Male,Marketing,Senior Developer,Bachelor's,Single,1,11
207,39,Lindy,Beardsdale,Genderqueer,Male,IT,HR Specialist,Master's,Divorced,16,21
208,53,Mildred,Stiffkins,Female,Female,HR,Senior Developer,Bachelor's,Divorced,12,49
209,28,Desiree,Yashunin,Female,Male,HR,Senior Developer,Master's,Single,11,25
210,36,Candice,Waterhous,Female,Other,IT,Marketing Lead,Bachelor's,Married,8,12
211,30,Bram,Jeffers,Male,Female,IT,HR Specialist,Bachelor's,Single,14,23
212,41,Homer,Madgett,Male,Other,Finance,Developer,Bachelor's,Married,14,48
213,50,Olin,Lissemore,Male,Other,HR,HR Specialist,Master's,Married,13,44
214,42,Edward,Woods,Male,Other,HR,Senior Developer,PhD,Divorced,18,35
215,39,Rivi,Hazley,Female,Male,IT,Developer,Bachelor's,Divorced,10,36
216,48,Goober,Bilbee,Male,Other,IT,Data Analyst,Master's,Married,11,39
217,60,Worden,Denisovich,Male,Other,Sales,Senior Developer,Bachelor's,Married,19,26
218,27,Stephi,Shildrake,Female,Other,Finance,Senior Developer,Bachelor's,Single,1,31
219,34,Terrence,Greenless,Male,Female,Marketing,Manager,Master's,Single,19,38
220,50,Wilhelm,Gilbey,Male,Male,Finance,Manager,Master's,Single,2,9
221,35,Caressa,Woolmer,Female,Male,HR,Data Analyst,PhD,Married,5,17
222,48,Virginie,Scoates,Female,Female,Operations,Manager,Master's,Single,5,1
223,53,Retha,Drennan,Female,Other,Sales,Senior Developer,Bachelor's,Married,11,44
224,55,Clio,Drynan,Female,Female,Operations,Data Analyst,Master's,Single,19,33
225,45,Taite,Rootham,Male,Female,IT,HR Specialist,Master's,Married,20,46
226,25,Florian,Stanwix,Male,Male,Marketing,Data Analyst,Bachelor's,Divorced,20,10
227,54,Sofie,Crabb,Female,Male,HR,HR Specialist,Bachelor's,Divorced,19,43
228,32,Daniele,Grimsdike,Female,Female,Marketing,Senior Developer,Bachelor's,Married,13,9
229,26,Gradeigh,Foker,Male,Other,Operations,Manager,Bachelor's,Divorced,13,10
230,41,Rois,Mongin,Female,Male,Operations,Senior Developer,Bachelor's,Married,7,25
231,54,Siegfried,Winley,Agender,Other,Finance,Data Analyst,Master's,Divorced,13,37
232,47,Hamish,Sabbatier,Male,Male,Sales,HR Specialist,Master's,Divorced,3,48
233,30,Robinet,Chamberlaine,Female,Other,Finance,HR Specialist,Master's,Divorced,18,18
234,55,Blane,Tullis,Male,Other,Operations,Data Analyst,Master's,Divorced,13,4
235,58,Melicent,Bordis,Female,Other,IT,Marketing Lead,Master's,Single,7,47
236,23,Clyde,Force,Male,Female,Sales,HR Specialist,Bachelor's,Single,16,41
237,33,Ulrica,Van Der Vlies,Female,Male,Operations,Marketing Lead,Master's,Single,4,24
238,34,Case,McCurt,Male,Other,Finance,Senior Developer,Bachelor's,Divorced,11,46
239,34,Jaquenette,Jirasek,Female,Other,Marketing,HR Specialist,Bachelor's,Divorced,19,50
240,25,Feodora,Winterburn,Female,Female,Sales,Marketing Lead,Bachelor's,Divorced,15,16
241,37,Torrin,Aizic,Genderqueer,Female,Sales,HR Specialist,Master's,Single,10,44
242,24,Riane,Gunningham,Female,Other,IT,Marketing Lead,Master's,Divorced,3,39
243,51,Shayla,Lammers,Female,Other,IT,HR Specialist,PhD,Divorced,6,27
244,25,Wylie,Dinneges,Male,Male,Marketing,HR Specialist,PhD,Single,4,46
245,45,Harper,Von Oertzen,Male,Male,Marketing,Developer,Master's,Single,18,30
246,34,Hurleigh,Mateo,Male,Female,Sales,Senior Developer,Bachelor's,Married,6,12
247,39,Antons,Ambrozik,Male,Female,HR,Senior Developer,Bachelor's,Single,2,29
248,45,Doralin,Marchetti,Bigender,Male,Operations,HR Specialist,Bachelor's,Divorced,20,23
249,51,Dominique,Seacroft,Male,Male,Operations,Marketing Lead,Bachelor's,Divorced,16,30
250,54,Frederick,Tivenan,Male,Male,Finance,Manager,Bachelor's,Married,1,33
251,47,Kerr,Wolfindale,Male,Male,Sales,Marketing Lead,Bachelor's,Divorced,6,19
252,29,Danielle,Dunford,Agender,Other,Operations,HR Specialist,Bachelor's,Single,7,18
253,23,Mauricio,Wickey,Agender,Other,Operations,Data Analyst,PhD,Single,3,28
254,37,Hermie,Ponder,Male,Other,Marketing,Senior Developer,PhD,Divorced,13,34
255,45,Filippo,Pear,Male,Female,Sales,Data Analyst,Bachelor's,Married,10,46
256,53,Tanitansy,Wellington,Female,Male,IT,Marketing Lead,Bachelor's,Divorced,7,15
257,60,Wilhelm,Corpe,Male,Other,Finance,Developer,Bachelor's,Divorced,8,20
258,50,Sorcha,Finlayson,Genderfluid,Male,Sales,HR Specialist,Bachelor's,Divorced,10,41
259,33,Anthony,Lackeye,Male,Male,IT,Marketing Lead,PhD,Divorced,17,6
260,52,Desdemona,Finlan,Female,Female,Finance,Marketing Lead,Master's,Single,3,20
261,59,Sheryl,Niess,Bigender,Other,Finance,Developer,Master's,Divorced,15,27
262,57,Kelila,Henzley,Female,Other,HR,Manager,Master's,Single,2,50
263,44,Silvio,Broadis,Male,Male,IT,Manager,Bachelor's,Divorced,12,21
264,44,Arron,Hazeldene,Male,Other,Finance,Marketing Lead,PhD,Single,17,6
265,32,Drud,Bowling,Male,Other,Operations,HR Specialist,Master's,Married,1,41
266,38,Tiffi,Riha,Female,Male,HR,Data Analyst,Bachelor's,Single,6,6
267,27,Cord,Beggan,Male,Male,HR,Developer,Master's,Married,11,5
268,40,Millisent,Garralts,Female,Female,Sales,Manager,Bachelor's,Married,14,47
269,23,Charlotta,Ducroe,Female,Other,Operations,Marketing Lead,Bachelor's,Divorced,13,16
270,46,Waldemar,Moncrieffe,Genderqueer,Male,Operations,HR Specialist,Bachelor's,Single,6,6
271,25,Kermie,Pettegree,Male,Other,Marketing,Data Analyst,Bachelor's,Single,4,11
272,32,Danny,Corrao,Female,Other,Marketing,Manager,Bachelor's,Divorced,5,37
273,58,Kristo,Zahor,Agender,Male,Finance,Senior Developer,Bachelor's,Divorced,18,4
274,35,Tanhya,Dyball,Female,Other,Finance,Data Analyst,Master's,Divorced,14,6
275,36,Panchito,Isaq,Male,Other,Finance,Data Analyst,Bachelor's,Married,16,48
276,36,Obed,Osbiston,Male,Female,Sales,Marketing Lead,Bachelor's,Divorced,3,19
277,35,Darryl,Whittaker,Female,Other,HR,Developer,Bachelor's,Divorced,13,36
278,39,Honey,Blei,Female,Female,Marketing,HR Specialist,Bachelor's,Single,7,32
279,48,Warde,Jozsef,Male,Female,IT,Marketing Lead,PhD,Married,5,1
280,54,Davie,O' Liddy,Non-binary,Male,Marketing,Manager,Bachelor's,Married,7,28
281,23,Gifford,Coping,Male,Other,HR,Marketing Lead,Bachelor's,Divorced,10,44
282,22,Doroteya,Rhyme,Female,Other,HR,Marketing Lead,Bachelor's,Divorced,14,33
283,52,Benedikta,Hacard,Female,Female,IT,Manager,PhD,Single,16,47
284,30,Teena,Brenneke,Polygender,Male,Sales,Senior Developer,PhD,Divorced,6,9
285,33,Lane,Kneebone,Female,Female,Marketing,HR Specialist,Bachelor's,Single,20,31
286,60,Ethelin,Gourley,Female,Female,Finance,Data Analyst,Bachelor's,Divorced,19,32
287,22,Shirleen,Stogill,Female,Female,Operations,Data Analyst,Bachelor's,Married,10,33
288,36,Ofelia,Piddlehinton,Female,Other,Sales,Data Analyst,Bachelor's,Married,19,44
289,38,Robby,Loughman,Male,Other,Finance,Data Analyst,Bachelor's,Married,7,44
290,60,Abie,Burdass,Male,Other,Marketing,Manager,PhD,Divorced,17,35
291,41,Giovanna,Stearn,Female,Other,IT,Data Analyst,Bachelor's,Divorced,15,45
292,39,Rosy,Speares,Female,Male,Sales,Data Analyst,Master's,Single,9,8
293,49,Phyllis,Tout,Female,Female,Marketing,Marketing Lead,Bachelor's,Married,7,26
294,46,Minette,Jiroutek,Female,Male,Finance,Marketing Lead,Bachelor's,Single,1,1
295,44,Dion,Shawel,Female,Female,Marketing,Developer,Master's,Divorced,5,40
296,51,Anna-diane,Ewart,Female,Female,Operations,Marketing Lead,Bachelor's,Single,15,13
297,38,Dorie,Meachan,Male,Male,HR,Manager,Bachelor's,Divorced,3,48
298,35,Ernaline,MacCheyne,Female,Male,HR,Developer,Bachelor's,Married,13,1
299,51,Wynny,Atchly,Female,Female,Marketing,Marketing Lead,Bachelor's,Divorced,20,46
300,41,Farley,Broggelli,Male,Other,Finance,Manager,Bachelor's,Married,8,28
301,55,Jakob,Oxteby,Male,Other,HR,HR Specialist,Bachelor's,Single,17,45
302,47,Richmound,Dore,Male,Female,Marketing,HR Specialist,Master's,Single,11,35
303,59,Gordan,Van der Linde,Male,Female,Marketing,Marketing Lead,Bachelor's,Divorced,19,48
304,28,Burnard,Clarabut,Male,Male,Operations,HR Specialist,Bachelor's,Divorced,16,23
305,22,Rice,Healings,Male,Male,Finance,Marketing Lead,Bachelor's,Single,15,16
306,54,Liza,Mitchelmore,Polygender,Other,HR,Data Analyst,Master's,Married,15,48
307,45,Deloris,Clohissy,Female,Other,Finance,Developer,Master's,Married,19,43
308,57,Melloney,Badam,Female,Male,Finance,HR Specialist,Master's,Divorced,2,34
309,60,Garrek,Pashler,Male,Other,Operations,Developer,Bachelor's,Married,3,44
310,60,Wadsworth,Duham,Genderfluid,Other,Finance,Developer,Bachelor's,Single,10,39
311,40,Helenelizabeth,Pickersgill,Female,Male,HR,Developer,Bachelor's,Single,15,3
312,41,Nikki,Innis,Female,Other,HR,Senior Developer,Bachelor's,Divorced,12,39
313,28,Cherrita,Fancy,Female,Male,Sales,Manager,Bachelor's,Divorced,10,29
314,52,Fianna,Roset,Female,Female,IT,Data Analyst,Bachelor's,Married,13,11
315,26,Vanna,Imison,Female,Other,Marketing,Marketing Lead,Bachelor's,Single,20,44
316,43,Cristionna,Phidgin,Female,Male,IT,Data Analyst,Master's,Single,6,49
317,39,Jessie,Hayzer,Male,Other,Operations,Developer,Bachelor's,Married,14,34
318,42,Marcelline,Gaitskill,Female,Female,Finance,Data Analyst,Bachelor's,Divorced,8,15
319,39,Burnard,Andryushchenko,Male,Female,Sales,Marketing Lead,Bachelor's,Divorced,6,12
320,38,Robinet,Brennen,Female,Female,Sales,Developer,Bachelor's,Divorced,20,5
321,41,Kellsie,Robillart,Female,Male,Operations,Manager,PhD,Divorced,14,24
322,34,Marco,Penny,Male,Male,Marketing,Data Analyst,Master's,Divorced,15,9
323,31,Muffin,Domney,Male,Female,Marketing,HR Specialist,Bachelor's,Divorced,13,33
324,55,Laureen,McTaggart,Female,Other,IT,Marketing Lead,PhD,Divorced,6,23
325,37,Clarinda,Minelli,Female,Other,IT,Senior Developer,Bachelor's,Divorced,19,4
326,25,Chryste,Graveston,Female,Female,HR,Marketing Lead,Bachelor's,Married,4,28
327,60,Terrill,Jollie,Male,Female,IT,Manager,Master's,Single,13,32
328,47,Kylen,Collinge,Female,Other,IT,Data Analyst,PhD,Single,2,25
329,42,Cleavland,Thireau,Male,Female,Finance,Developer,PhD,Single,8,11
330,30,Alley,Peddie,Male,Other,Operations,Data Analyst,Bachelor's,Divorced,6,24
331,23,Madlin,Minichillo,Female,Female,Sales,Marketing Lead,Bachelor's,Divorced,9,8
332,53,Grayce,Gatecliffe,Female,Other,IT,Manager,PhD,Divorced,18,22
333,40,Selie,Dunseith,Female,Female,HR,Developer,Bachelor's,Divorced,10,44
334,38,Lyndell,Rowlson,Female,Other,IT,HR Specialist,Master's,Married,3,16
335,48,Antonino,McKeaney,Male,Female,Finance,Manager,Bachelor's,Divorced,7,35
336,47,Petronille,Giffard,Female,Male,Marketing,Senior Developer,PhD,Single,16,50
337,46,Tommie,Itscovitz,Female,Female,Finance,Marketing Lead,Bachelor's,Divorced,14,8
338,24,Lief,Cathenod,Male,Other,HR,Manager,Bachelor's,Divorced,18,19
339,59,Norrie,Kener,Male,Other,Marketing,Developer,PhD,Married,4,20
340,58,Horten,Malone,Male,Female,Sales,Developer,Master's,Married,12,31
341,34,Neil,Tregust,Male,Male,HR,Senior Developer,Master's,Single,3,19
342,43,Maybelle,Geggie,Female,Female,HR,Marketing Lead,Bachelor's,Divorced,4,17
343,36,Konstanze,Duffil,Female,Other,Operations,Developer,Bachelor's,Divorced,17,14
344,56,Dallas,Daughton,Male,Other,IT,Developer,Master's,Married,11,1
345,52,Maynard,Gisby,Male,Female,HR,Developer,PhD,Single,14,48
346,44,Emlen,Nockells,Male,Female,Operations,Manager,Bachelor's,Single,15,41
347,54,Theresina,Kendal,Female,Female,Sales,Data Analyst,PhD,Married,6,37
348,41,Myrwyn,Peschke,Male,Other,Sales,Manager,Master's,Married,9,26
349,32,Maddy,Wager,Male,Female,Operations,Marketing Lead,PhD,Divorced,7,14
350,57,Desi,Hamblen,Male,Other,Sales,Senior Developer,Master's,Single,17,20
351,33,Roxanna,Castanos,Non-binary,Female,HR,Marketing Lead,PhD,Single,2,42
352,40,Silas,Hourican,Male,Other,Finance,Data Analyst,Bachelor's,Married,15,33
353,28,Leopold,Kenzie,Male,Male,HR,Senior Developer,PhD,Married,1,3
354,52,Mandi,O'Hanley,Female,Other,IT,Data Analyst,Master's,Married,3,30
355,30,Tate,Ridolfo,Male,Male,Sales,HR Specialist,PhD,Single,15,40
356,38,Todd,Jennions,Male,Other,IT,Developer,Bachelor's,Married,13,32
357,57,Lurleen,Reedy,Female,Male,Operations,Senior Developer,Bachelor's,Single,11,4
358,33,Cynthy,Benoey,Female,Female,Sales,Developer,PhD,Married,13,23
359,43,Loren,Aysh,Male,Other,IT,Data Analyst,Master's,Single,7,1
360,27,Brittne,Teas,Female,Male,Marketing,Senior Developer,Bachelor's,Married,13,40
361,36,Ermentrude,Pawson,Female,Male,Marketing,HR Specialist,Bachelor's,Single,2,30
362,44,Tiffanie,Strivens,Female,Male,Sales,Senior Developer,PhD,Divorced,1,22
363,36,Vikki,Denk,Female,Other,IT,Marketing Lead,Bachelor's,Divorced,9,20
364,41,Luisa,Baynom,Female,Female,HR,Manager,PhD,Single,4,23
365,48,Zane,Mickan,Male,Female,Operations,Developer,PhD,Divorced,5,7
366,43,Averil,Mathys,Female,Other,Finance,Manager,Bachelor's,Divorced,11,1
367,45,Cole,Rivlin,Male,Other,HR,Senior Developer,Bachelor's,Divorced,15,23
368,38,Caralie,Stoffer,Female,Other,HR,Marketing Lead,Bachelor's,Single,16,47
369,59,Mady,Taborre,Female,Other,Finance,Senior Developer,PhD,Single,15,12
370,40,Jacquelin,Kubik,Female,Other,Finance,HR Specialist,PhD,Divorced,3,26
371,51,Bathsheba,Faughnan,Female,Male,IT,HR Specialist,Bachelor's,Single,3,23
372,29,Derron,Goggen,Male,Male,Finance,HR Specialist,Bachelor's,Divorced,18,1
373,52,Thea,Fiddymont,Female,Female,Marketing,Senior Developer,Bachelor's,Single,8,7
374,25,Jonah,Trundle,Male,Other,Finance,Data Analyst,Master's,Single,15,28
375,59,Luella,Tomsa,Agender,Male,Operations,HR Specialist,Bachelor's,Divorced,5,32
376,59,Even,Allan,Male,Male,HR,Data Analyst,Master's,Single,16,13
377,26,Nanny,Doone,Female,Male,Operations,Data Analyst,Bachelor's,Divorced,9,6
378,52,Blane,Abdee,Male,Female,Operations,Senior Developer,PhD,Single,6,34
379,34,Evania,Bottom,Genderfluid,Other,Operations,Senior Developer,Bachelor's,Married,6,33
380,54,Moira,Buchan,Female,Female,Sales,Marketing Lead,Bachelor's,Married,1,10
381,29,Delly,Ive,Female,Male,Marketing,Data Analyst,PhD,Divorced,20,27
382,46,Lamont,Keymer,Male,Male,Finance,Developer,PhD,Married,4,8
383,55,Isobel,Gilhespy,Bigender,Female,Operations,Manager,Master's,Single,6,32
384,41,Nollie,Melburg,Female,Male,Finance,Data Analyst,Master's,Divorced,10,1
385,48,Corella,Isworth,Female,Female,Sales,Developer,PhD,Single,4,10
386,25,Ketti,Krolik,Female,Male,IT,Manager,Master's,Married,18,50
387,31,Felizio,Besantie,Male,Other,HR,Manager,PhD,Divorced,13,43
388,30,Yolanthe,Wrench,Female,Male,Sales,Senior Developer,PhD,Divorced,6,17
389,34,Der,Banfill,Male,Other,IT,HR Specialist,PhD,Divorced,3,15
390,43,Dallas,Bakeup,Male,Female,HR,HR Specialist,Master's,Married,1,31
391,48,Erina,Yandell,Female,Female,Operations,HR Specialist,Bachelor's,Divorced,9,26
392,58,Orrin,Roddick,Male,Other,Finance,Developer,PhD,Married,5,24
393,51,Corbie,Crosskell,Male,Other,IT,HR Specialist,Bachelor's,Single,15,20
394,31,Alleyn,Latta,Male,Other,Sales,Data Analyst,Bachelor's,Single,12,24
395,42,Veda,Benkin,Female,Female,Marketing,Marketing Lead,Master's,Married,6,28
396,33,Aubrey,Beevens,Male,Other,Operations,Senior Developer,PhD,Divorced,7,12
397,27,James,Eskriet,Male,Other,Sales,HR Specialist,PhD,Married,2,35
398,53,Lorain,Norkett,Female,Male,Sales,Data Analyst,Bachelor's,Divorced,18,18
399,43,Livy,Reap,Female,Male,Marketing,Data Analyst,Bachelor's,Single,7,7
400,33,Haydon,Lipscombe,Male,Other,Operations,HR Specialist,Bachelor's,Married,15,29
401,42,Morgun,Nayer,Male,Female,IT,HR Specialist,Bachelor's,Divorced,2,43
402,25,Susanna,Fassmann,Female,Female,Operations,Developer,Bachelor's,Single,17,29
403,22,Khalil,Dewer,Male,Male,Operations,Senior Developer,Bachelor's,Married,4,11
404,50,Hillel,Woolway,Male,Male,IT,Marketing Lead,PhD,Married,13,9
405,39,Arleta,Bilston,Female,Other,Sales,HR Specialist,Bachelor's,Single,10,23
406,35,Clarey,New,Female,Other,Sales,Manager,Bachelor's,Divorced,15,48
407,32,Jeanelle,Ledwith,Female,Female,IT,Developer,PhD,Single,2,28
408,58,Portia,De Laci,Female,Male,Operations,HR Specialist,Master's,Married,20,1
409,32,Alphonse,Stollenbeck,Genderqueer,Male,Marketing,HR Specialist,Bachelor's,Divorced,1,23
410,53,Akim,Dalbey,Male,Other,HR,Data Analyst,Master's,Married,2,46
411,27,Bonnie,Ancketill,Female,Other,Marketing,Developer,Bachelor's,Married,13,13
412,30,Anna-maria,McMenamin,Female,Other,Finance,Marketing Lead,Bachelor's,Single,7,8
413,49,Laurella,Mingus,Female,Other,Operations,Data Analyst,PhD,Single,8,13
414,49,Rosita,Ffoulkes,Female,Male,Sales,Manager,PhD,Single,12,19
415,47,Sergeant,Kilbane,Male,Other,IT,Manager,Bachelor's,Single,8,3
416,49,Bonita,Wyles,Female,Male,Marketing,Marketing Lead,Master's,Single,7,9
417,52,Sal,Giacomello,Male,Other,Finance,Data Analyst,PhD,Single,3,26
418,46,Vinson,Pitney,Male,Male,Finance,Developer,PhD,Married,1,27
419,22,Idette,Neild,Female,Female,Sales,HR Specialist,Master's,Married,14,48
420,24,Ashia,Kidder,Female,Male,HR,Marketing Lead,Master's,Married,1,22
421,56,Hilario,Hansill,Male,Other,HR,Data Analyst,Bachelor's,Divorced,1,3
422,34,Harmonie,Robak,Female,Male,Finance,Developer,Bachelor's,Single,11,11
423,45,Selestina,Cumming,Female,Male,Marketing,Developer,PhD,Married,7,43
424,22,Tirrell,Matyja,Male,Male,Finance,Developer,Bachelor's,Single,3,13
425,42,Fanechka,Baldock,Female,Female,Operations,Developer,PhD,Single,8,31
426,55,Sherwynd,Fasler,Male,Female,Sales,Manager,PhD,Married,4,43
427,34,Fleur,Pipping,Female,Female,Sales,Developer,Master's,Married,6,18
428,23,Hilary,Siemon,Female,Other,HR,Data Analyst,PhD,Divorced,6,8
429,22,Sky,Minshaw,Male,Female,Finance,Marketing Lead,PhD,Single,2,27
430,37,Eudora,Burgett,Female,Female,IT,HR Specialist,PhD,Married,14,32
431,36,Ethelred,Olyunin,Male,Other,IT,HR Specialist,Bachelor's,Married,17,36
432,44,Raimondo,Darte,Male,Male,Marketing,Data Analyst,Bachelor's,Divorced,4,32
433,41,Jorrie,Kearton,Female,Other,Marketing,Data Analyst,Bachelor's,Single,11,44
434,30,Boycey,Lippitt,Male,Male,Operations,Senior Developer,Master's,Married,11,46
435,28,Caddric,Bullen,Male,Other,HR,Data Analyst,Bachelor's,Married,18,9
436,46,Livvie,Curle,Female,Other,Sales,Data Analyst,PhD,Single,7,21
437,54,Berti,Heball,Female,Male,IT,Marketing Lead,PhD,Single,20,49
438,59,Al,Corradi,Male,Male,Operations,Senior Developer,Bachelor's,Divorced,7,49
439,41,Hedvige,Gislebert,Genderfluid,Other,IT,Marketing Lead,Master's,Single,18,50
440,32,Lek,Toffoletto,Bigender,Female,IT,Developer,PhD,Divorced,13,26
441,26,Harlin,Romans,Male,Other,Operations,Data Analyst,PhD,Single,14,33
442,24,Shaw,Oleszkiewicz,Male,Other,IT,Data Analyst,Bachelor's,Single,4,47
443,41,Brantley,McLaverty,Male,Other,HR,Senior Developer,PhD,Single,8,48
444,40,Jessa,Harwell,Female,Female,Finance,Developer,PhD,Single,7,25
445,51,Nikolas,Dwerryhouse,Polygender,Female,IT,Marketing Lead,PhD,Divorced,4,9
446,55,Lori,Antosik,Female,Female,Sales,Manager,Bachelor's,Divorced,12,8
447,60,Noni,Bucknall,Female,Male,Operations,Data Analyst,Bachelor's,Married,11,7
448,55,Dayle,Reddy,Female,Other,IT,Manager,PhD,Married,6,2
449,43,Cammy,Ferrero,Genderfluid,Male,Marketing,Manager,Master's,Divorced,1,9
450,49,Pennie,Baldacchino,Female,Female,Sales,Manager,PhD,Divorced,13,10
451,30,Malcolm,Stigger,Male,Female,Finance,HR Specialist,PhD,Single,11,23
452,43,Henrik,Oakenfall,Male,Other,IT,Manager,Master's,Single,1,33
453,53,Miriam,Brodeau,Female,Male,HR,Marketing Lead,Master's,Divorced,13,1
454,44,Reube,Colley,Male,Female,HR,Manager,Master's,Single,7,50
455,34,Walker,Lecointe,Male,Male,IT,Data Analyst,Bachelor's,Married,15,44
456,32,Pammy,Tolputt,Genderfluid,Female,Marketing,HR Specialist,Bachelor's,Divorced,8,16
457,47,Sisely,Beiderbeck,Female,Other,Operations,Developer,Bachelor's,Single,3,4
458,23,Beauregard,Canape,Male,Male,HR,Senior Developer,Bachelor's,Married,9,44
459,36,Goldia,Lacasa,Female,Other,Sales,Data Analyst,Master's,Divorced,20,22
460,36,Penni,Sommerled,Female,Male,Operations,Developer,Master's,Divorced,12,28
461,30,Hagan,Borzone,Male,Other,Marketing,Developer,Bachelor's,Divorced,2,39
462,35,Farlee,McIlhagga,Polygender,Female,Finance,Senior Developer,Master's,Single,3,48
463,23,Ignace,Soda,Male,Female,Operations,Manager,PhD,Single,7,1
464,59,Marven,Wombwell,Male,Male,Finance,Manager,Bachelor's,Married,14,28
465,54,Pippy,Rankin,Female,Other,Operations,Marketing Lead,PhD,Single,10,31
466,32,Kasper,Croft,Male,Female,Operations,Manager,Master's,Single,20,19
467,29,Derrik,Strangeway,Polygender,Other,HR,Manager,Master's,Divorced,16,19
468,45,Lynna,Jelf,Female,Other,Marketing,Marketing Lead,PhD,Married,4,32
469,24,Bertine,Mathers,Female,Female,HR,Data Analyst,Master's,Divorced,18,6
470,46,Willem,Liverseege,Male,Other,Finance,Senior Developer,Bachelor's,Single,19,49
471,38,Alika,Serrier,Female,Female,HR,Marketing Lead,Bachelor's,Divorced,6,28
472,56,Gretna,Valentino,Female,Female,Marketing,Data Analyst,Bachelor's,Single,9,16
473,25,Hugo,Conkling,Non-binary,Other,IT,Manager,Bachelor's,Divorced,4,40
474,60,Hyman,Clynman,Male,Female,Finance,Data Analyst,Master's,Married,20,10
475,25,Dov,Bleasby,Male,Male,IT,Manager,Bachelor's,Married,11,47
476,28,Beltran,Woodard,Male,Female,Marketing,Manager,Bachelor's,Divorced,13,33
477,23,Ebeneser,Manuele,Non-binary,Female,Finance,Marketing Lead,Master's,Married,5,12
478,25,Eleanore,Deniso,Female,Other,HR,Senior Developer,Bachelor's,Divorced,11,16
479,29,Joela,Clac,Female,Female,HR,HR Specialist,Master's,Divorced,6,18
480,48,Shanan,Meeke,Male,Other,Operations,Data Analyst,Bachelor's,Divorced,11,50
481,50,Grannie,Bygrove,Male,Male,HR,Data Analyst,Bachelor's,Single,16,8
482,46,Rudiger,Romer,Male,Female,Finance,Marketing Lead,Master's,Divorced,3,17
483,29,Emlen,Shower,Male,Male,Finance,Senior Developer,Bachelor's,Divorced,11,45
484,57,Aprilette,Sperry,Female,Female,Operations,Manager,PhD,Married,1,16
485,38,Codee,Whitlam,Female,Male,HR,Data Analyst,PhD,Divorced,20,43
486,52,Roxane,Driscoll,Female,Female,HR,Senior Developer,PhD,Divorced,19,28
487,31,Brennan,Ashwin,Genderqueer,Other,IT,Developer,Master's,Married,15,13
488,35,Bernie,Boatman,Male,Male,Operations,Developer,Bachelor's,Married,13,31
489,22,Martha,Skocroft,Female,Other,Operations,HR Specialist,PhD,Divorced,17,46
490,41,Nicola,Bostick,Male,Other,Finance,Data Analyst,Bachelor's,Divorced,8,7
491,48,Tudor,Grafton,Male,Male,HR,Manager,Master's,Divorced,17,45
492,28,Ellyn,Van de Velde,Female,Female,Marketing,Data Analyst,PhD,Married,19,47
493,55,Maridel,Philipsson,Female,Female,HR,HR Specialist,PhD,Divorced,1,33
494,39,Ida,Paynes,Female,Female,Operations,Developer,Master's,Divorced,8,40
495,60,Norton,Gabbotts,Male,Other,Finance,HR Specialist,Bachelor's,Married,1,12
496,30,Sheeree,Clapson,Female,Other,HR,Data Analyst,PhD,Single,20,13
497,48,Emalia,McCurt,Female,Male,IT,Data Analyst,Bachelor's,Divorced,4,38
498,28,Maxwell,McMullen,Male,Other,Sales,Developer,Bachelor's,Married,10,41
499,54,Ashley,Charopen,Male,Female,Finance,Developer,Master's,Married,8,41
500,29,Joane,Coveney,Female,Male,Finance,Senior Developer,PhD,Divorced,14,10
501,40,Bradan,Sharpin,Male,Female,Operations,Manager,Master's,Divorced,8,15
502,29,Nat,Footer,Genderqueer,Male,Sales,Developer,Bachelor's,Married,20,8
503,28,Bettina,Culligan,Female,Female,HR,Manager,Master's,Married,3,9
504,53,Thor,Bolle,Male,Other,IT,HR Specialist,Master's,Single,2,26
505,34,Adara,Bruntjen,Female,Other,HR,HR Specialist,PhD,Married,5,3
506,60,Farris,Lachaize,Male,Female,Operations,Developer,Bachelor's,Married,12,18
507,34,Emmye,Roger,Agender,Male,Sales,Manager,PhD,Divorced,16,13
508,38,Franklyn,Brownsword,Male,Other,IT,Developer,Bachelor's,Divorced,10,10
509,55,Sigmund,Bruford,Genderqueer,Male,Marketing,Developer,Bachelor's,Single,7,28
510,34,Brenna,Chirm,Female,Female,Marketing,Senior Developer,Master's,Married,5,2
511,44,Margit,Huster,Genderfluid,Female,IT,HR Specialist,Master's,Divorced,13,40
512,48,Athene,Collins,Female,Female,Marketing,Manager,Bachelor's,Divorced,7,13
513,40,Emalia,Strettle,Female,Male,Operations,HR Specialist,Master's,Single,2,6
514,32,Mahmud,Bowater,Male,Other,Operations,Senior Developer,PhD,Single,8,4
515,24,Jeromy,Aloigi,Male,Female,Operations,Marketing Lead,Bachelor's,Divorced,20,25
516,57,Joe,Haukey,Male,Male,IT,HR Specialist,Bachelor's,Married,15,27
517,53,Umeko,Churchward,Female,Other,HR,Senior Developer,Bachelor's,Single,11,34
518,35,Brandice,Madeley,Female,Other,HR,Data Analyst,Master's,Married,5,20
519,52,Ivy,Spread,Female,Male,Sales,HR Specialist,Master's,Single,9,45
520,43,Bucky,Jaxon,Male,Female,HR,Manager,Bachelor's,Single,11,41
521,37,Gretchen,Baston,Female,Other,HR,Senior Developer,PhD,Married,2,15
522,22,Bastian,Ratlee,Male,Male,Sales,Marketing Lead,PhD,Single,17,15
523,22,Con,Gearing,Female,Male,Finance,HR Specialist,Bachelor's,Married,14,22
524,27,Packston,Thaw,Male,Other,Finance,Senior Developer,Master's,Divorced,10,28
525,29,Cosmo,Rapier,Male,Male,IT,Marketing Lead,Bachelor's,Single,1,31
526,58,Nicolis,Skeels,Male,Female,Finance,Data Analyst,Master's,Single,8,4
527,53,Dorry,Rosbrough,Female,Male,Finance,Manager,Master's,Single,11,33
528,31,Joete,Lightbourne,Female,Male,Finance,HR Specialist,PhD,Married,11,28
529,27,Sebastian,Fowlds,Male,Male,HR,Data Analyst,Master's,Married,8,42
530,54,Jordana,Giovannelli,Female,Male,Finance,Developer,Bachelor's,Married,7,4
531,26,Linn,Chyuerton,Male,Other,HR,Manager,PhD,Divorced,18,20
532,28,Bennie,Franciottoi,Male,Female,HR,Manager,PhD,Married,2,8
533,38,Karney,Ormes,Male,Male,Operations,Manager,Master's,Single,8,18
534,36,Bondie,Carratt,Male,Male,Sales,Manager,PhD,Married,8,24
535,51,Halli,Brierley,Female,Male,IT,Marketing Lead,Bachelor's,Married,20,18
536,40,Thorpe,Pabelik,Male,Male,Sales,Data Analyst,Bachelor's,Single,13,23
537,38,Coralie,Shurmore,Female,Other,Operations,Developer,Bachelor's,Married,17,46
538,51,Pietra,Griffithe,Female,Other,Marketing,HR Specialist,PhD,Married,11,27
539,25,Nobe,Billo,Male,Female,HR,Manager,Bachelor's,Single,6,16
540,28,Pembroke,Woolmer,Male,Other,Finance,HR Specialist,PhD,Single,15,21
541,33,Maridel,Greenslade,Female,Male,Finance,Senior Developer,Master's,Divorced,1,4
542,24,Meredith,Louisot,Male,Other,Marketing,Data Analyst,PhD,Married,3,12
543,40,Lem,Horrod,Male,Male,Operations,Data Analyst,Bachelor's,Married,16,3
544,45,Marten,Seavers,Male,Female,Operations,Manager,Bachelor's,Divorced,3,1
545,42,Jennica,Bartoszinski,Female,Female,IT,Manager,Master's,Single,7,4
546,49,Benetta,Jerdon,Female,Other,HR,Data Analyst,PhD,Married,2,43
547,29,Domingo,Swindle,Male,Female,Marketing,HR Specialist,Bachelor's,Married,5,48
548,28,Windy,Hyam,Female,Female,Marketing,Developer,Bachelor's,Divorced,7,21
549,24,Bondon,Fullun,Male,Other,Marketing,Senior Developer,Bachelor's,Married,5,14
550,22,Glendon,Civitillo,Male,Female,HR,Data Analyst,Master's,Single,3,19
551,30,Averil,O'Moylan,Female,Female,HR,Developer,PhD,Single,6,31
552,32,Lesly,Mansion,Female,Male,HR,HR Specialist,PhD,Married,19,18
553,43,Ynes,Fewlass,Female,Other,HR,Marketing Lead,Master's,Single,18,39
554,44,Vite,Wooller,Male,Female,Sales,Manager,Bachelor's,Married,7,7
555,50,Evangelin,Wabb,Genderfluid,Female,Marketing,Marketing Lead,Bachelor's,Single,8,28
556,39,Brandy,Boor,Non-binary,Male,Sales,Data Analyst,PhD,Single,17,12
557,27,Norris,Gatiss,Male,Other,IT,HR Specialist,Master's,Single,3,17
558,45,Muhammad,Eilert,Male,Male,Marketing,HR Specialist,Master's,Single,14,32
559,43,Ally,Benedetti,Polygender,Male,HR,HR Specialist,Bachelor's,Married,15,24
560,33,Myra,Bein,Female,Other,Operations,HR Specialist,Master's,Married,10,22
561,29,Giraldo,Pyrah,Male,Female,Operations,Data Analyst,Bachelor's,Married,6,20
562,47,Cesya,Cousens,Female,Female,HR,Manager,PhD,Married,7,8
563,47,Darby,Warbys,Female,Other,HR,Marketing Lead,Bachelor's,Divorced,8,7
564,51,Geoffry,Colecrough,Male,Male,Sales,Senior Developer,Bachelor's,Divorced,14,43
565,39,Dacie,Strafen,Female,Other,HR,Manager,Bachelor's,Married,6,1
566,46,Melodie,Bevans,Female,Female,Marketing,HR Specialist,Bachelor's,Single,20,44
567,52,Kristien,Grundon,Female,Female,Finance,Data Analyst,Bachelor's,Divorced,8,36
568,48,Bendite,Grundle,Female,Other,Marketing,HR Specialist,Bachelor's,Divorced,10,50
569,32,Dominic,Ilyinski,Male,Male,Operations,Manager,Master's,Single,10,9
570,29,Friedrich,Liversedge,Male,Female,IT,Marketing Lead,PhD,Married,19,22
571,30,Ervin,Langfitt,Male,Male,Marketing,Marketing Lead,PhD,Single,15,24
572,25,Marybeth,Glide,Female,Other,HR,Developer,PhD,Married,7,48
573,32,Dehlia,O'Feeny,Female,Other,Marketing,Developer,PhD,Single,9,24
574,28,Evelin,Nurny,Male,Female,Marketing,Data Analyst,Bachelor's,Single,16,48
575,48,Glynn,Kaesmakers,Non-binary,Female,Sales,Developer,Bachelor's,Divorced,3,50
576,59,Wells,Tweedie,Male,Other,Finance,HR Specialist,Bachelor's,Single,12,38
577,52,Mehetabel,Nuth,Female,Male,Operations,Manager,Master's,Married,13,34
578,58,Ripley,Dunridge,Male,Male,Marketing,Data Analyst,Bachelor's,Single,13,39
579,50,Jessamyn,Cote,Female,Other,Operations,Data Analyst,Bachelor's,Married,6,24
580,33,Tiphani,Hoys,Bigender,Male,IT,Manager,Master's,Single,16,16
581,46,Charis,Laurenson,Female,Female,Marketing,Developer,Master's,Divorced,15,42
582,44,Allistir,Dexter,Male,Other,Finance,Marketing Lead,Bachelor's,Married,14,18
583,23,Jerrilee,Lackie,Female,Male,Operations,Developer,Bachelor's,Married,17,14
584,30,Tadeas,Fumagallo,Male,Female,Finance,Manager,PhD,Single,20,38
585,52,Myrah,Horbart,Female,Female,Finance,HR Specialist,Bachelor's,Divorced,14,25
586,53,Ken,Fewless,Male,Other,Finance,Developer,Bachelor's,Divorced,5,6
587,29,Daven,Deverell,Male,Female,Finance,Data Analyst,Bachelor's,Divorced,16,7
588,48,Brana,Rosgen,Female,Male,Operations,Senior Developer,Master's,Married,1,9
589,50,Lauree,Gorringe,Bigender,Other,Operations,Senior Developer,Master's,Married,13,41
590,24,Cam,Philbrook,Male,Female,Sales,Marketing Lead,Bachelor's,Divorced,14,48
591,26,Alaster,Tallon,Male,Male,Finance,Manager,PhD,Divorced,3,39
592,38,Jamison,Aven,Male,Female,Sales,HR Specialist,Master's,Married,10,8
593,42,Griffith,Teape,Male,Female,Marketing,Data Analyst,Bachelor's,Single,20,3
594,22,Elfrieda,Keggins,Female,Other,Marketing,Senior Developer,PhD,Divorced,18,38
595,55,Ford,Bullard,Male,Female,Sales,Developer,Bachelor's,Single,5,42
596,58,Elane,Eldrid,Female,Female,HR,Data Analyst,Bachelor's,Single,18,13
597,58,Ashil,Fenkel,Female,Male,Finance,HR Specialist,Bachelor's,Married,6,13
598,36,Buddy,Fowkes,Male,Female,Finance,Manager,Bachelor's,Divorced,9,46
599,43,Madelene,Pellington,Female,Female,Marketing,Data Analyst,Master's,Divorced,13,29
600,55,Harlin,Facer,Male,Male,Operations,Data Analyst,PhD,Married,15,7
601,55,Rochette,Hadcock,Bigender,Female,Sales,Developer,Bachelor's,Married,10,5
602,28,Morgen,Pankethman,Male,Other,Finance,HR Specialist,Bachelor's,Single,15,35
603,49,Llewellyn,Merigeau,Male,Female,Marketing,Manager,Bachelor's,Divorced,10,40
604,37,Julia,Skermer,Female,Female,Finance,Data Analyst,Master's,Married,13,22
605,52,Jackie,Giacobo,Male,Female,Operations,HR Specialist,Master's,Married,18,20
606,44,Robbie,Turmall,Female,Female,Sales,Data Analyst,PhD,Divorced,20,47
607,46,Barbra,Cisar,Female,Female,HR,Senior Developer,Bachelor's,Single,16,31
608,31,Chlo,Killingsworth,Female,Male,IT,Senior Developer,PhD,Divorced,3,49
609,57,Irina,Halse,Female,Other,Marketing,Manager,Bachelor's,Single,11,13
610,25,Ayn,Bartzen,Female,Male,Marketing,Senior Developer,Bachelor's,Married,5,35
611,22,Tera,Hissett,Female,Other,IT,Manager,Bachelor's,Married,16,47
612,32,Andie,Nelson,Female,Other,IT,Data Analyst,Bachelor's,Single,7,10
613,54,Kristan,Andretti,Female,Male,Marketing,Marketing Lead,Bachelor's,Divorced,5,3
614,52,Priscella,Titford,Female,Male,HR,Senior Developer,Master's,Single,7,9
615,53,Cathy,Edghinn,Female,Other,Marketing,HR Specialist,PhD,Divorced,1,13
616,32,Tallie,Sangra,Male,Female,IT,HR Specialist,PhD,Married,1,27
617,26,Elenore,de Quesne,Female,Male,Finance,Manager,Master's,Married,17,36
618,53,Kareem,Gammage,Male,Other,Sales,Marketing Lead,Bachelor's,Married,12,46
619,42,Sharleen,Gwyther,Female,Female,Operations,Data Analyst,PhD,Single,16,17
620,37,Merl,Lyst,Agender,Female,Finance,Developer,Master's,Single,13,49
621,43,Sanford,Narup,Male,Male,HR,HR Specialist,Bachelor's,Divorced,14,36
622,39,Rad,Rennebach,Male,Male,Marketing,Marketing Lead,Master's,Single,13,23
623,25,Lora,Sigfrid,Female,Other,Operations,HR Specialist,PhD,Divorced,12,24
624,54,Diena,Pavy,Female,Male,Marketing,Manager,PhD,Single,13,29
625,36,Mahalia,Dawidman,Female,Female,Sales,Manager,Bachelor's,Single,16,41
626,57,Reina,Dome,Female,Male,Operations,Developer,Master's,Divorced,10,46
627,46,Price,Kybbye,Male,Male,Finance,Manager,Bachelor's,Married,19,8
628,47,Elianore,Huortic,Female,Female,Sales,Developer,Master's,Divorced,3,28
629,37,Anne-marie,Derrington,Female,Female,HR,Data Analyst,PhD,Divorced,14,5
630,27,Hayes,Willis,Male,Male,Finance,Manager,Master's,Single,2,31
631,51,Wini,Mille,Female,Other,Operations,HR Specialist,Master's,Married,4,27
632,50,Lenci,Heyburn,Male,Other,Finance,Manager,Bachelor's,Married,13,34
633,58,Caresse,Chipperfield,Female,Other,HR,Senior Developer,Bachelor's,Divorced,19,33
634,50,Ulric,Metcalf,Male,Other,Marketing,Data Analyst,Bachelor's,Divorced,6,2
635,27,Tyson,Hayles,Male,Female,Marketing,Data Analyst,Bachelor's,Divorced,7,11
636,53,Ric,Linch,Male,Female,IT,Marketing Lead,Master's,Married,14,39
637,50,Gaven,Spurret,Male,Female,Marketing,HR Specialist,PhD,Single,9,18
638,42,Hayyim,Rehor,Male,Female,Sales,Data Analyst,Master's,Married,12,45
639,29,Marga,Ransom,Female,Other,HR,Marketing Lead,Master's,Single,17,9
640,53,Constantine,Di Baudi,Non-binary,Other,Marketing,Senior Developer,Bachelor's,Divorced,16,19
641,23,Linnet,Dollar,Female,Male,Finance,Data Analyst,Bachelor's,Married,12,3
642,28,Lambert,Flear,Male,Female,Operations,Marketing Lead,PhD,Married,2,37
643,47,Loella,Timmes,Female,Male,HR,Senior Developer,PhD,Divorced,13,4
644,48,Jud,Tremoille,Male,Other,Marketing,Manager,Bachelor's,Divorced,14,45
645,24,Vannie,Satcher,Female,Male,Sales,Manager,PhD,Single,8,13
646,57,Agosto,Havile,Male,Male,IT,Data Analyst,Master's,Single,8,48
647,57,Chandler,Jiggen,Agender,Male,IT,Senior Developer,Master's,Married,16,26
648,22,Claus,Scyner,Male,Female,Operations,HR Specialist,Bachelor's,Divorced,2,32
649,27,Moss,Risebarer,Agender,Female,Operations,Data Analyst,Bachelor's,Divorced,12,44
650,60,Pietro,Lugden,Bigender,Other,Operations,Manager,Master's,Single,1,35
651,41,Emmalynn,Iggo,Female,Male,HR,HR Specialist,Bachelor's,Divorced,5,33
652,54,Mallissa,Pettingill,Agender,Female,Operations,Marketing Lead,Bachelor's,Single,9,5
653,57,Alyson,Kopfen,Female,Other,Operations,Manager,PhD,Divorced,20,11
654,35,Berny,Cogar,Bigender,Female,Sales,Senior Developer,Master's,Single,15,29
655,51,Filippo,Straine,Male,Female,Sales,Data Analyst,PhD,Divorced,5,49
656,43,Tanner,Romaines,Male,Female,Sales,Data Analyst,Bachelor's,Single,9,33
657,45,Johannah,Stoke,Female,Female,Operations,Senior Developer,Master's,Single,8,25
658,25,Ferdinand,Cholwell,Male,Other,Marketing,Manager,Bachelor's,Married,20,36
659,36,Cyril,Krysiak,Male,Other,Operations,Senior Developer,PhD,Divorced,19,50
660,51,Dare,Georgeou,Bigender,Female,IT,Data Analyst,PhD,Single,6,25
661,43,Giacinta,La Croce,Female,Female,Sales,Manager,PhD,Single,1,26
662,57,Yorgo,Christophersen,Male,Male,Finance,Developer,Master's,Married,4,39
663,60,Roderick,Idle,Male,Female,Operations,Manager,PhD,Single,3,18
664,52,Allie,Sammons,Female,Male,Marketing,HR Specialist,Bachelor's,Divorced,13,14
665,45,Brad,Clerc,Male,Female,Operations,Marketing Lead,Bachelor's,Single,13,12
666,50,Verney,Friedlos,Male,Other,Finance,Senior Developer,Master's,Married,19,1
667,29,Clayson,Berthon,Male,Other,Finance,Marketing Lead,Bachelor's,Divorced,3,11
668,28,Sherman,Saphir,Non-binary,Male,HR,Manager,Master's,Married,17,37
669,36,Sidney,Geekin,Male,Other,Marketing,Manager,PhD,Divorced,7,14
670,22,Debee,Fairpool,Female,Other,Finance,Manager,Master's,Married,14,38
671,43,Rob,Workes,Male,Other,Marketing,HR Specialist,PhD,Divorced,6,45
672,44,Aloise,MacComiskey,Female,Other,Sales,Marketing Lead,Bachelor's,Single,14,1
673,40,Marie-jeanne,Muckloe,Female,Other,HR,Marketing Lead,Bachelor's,Married,9,33
674,57,Emera,Lamshead,Female,Male,IT,Senior Developer,Bachelor's,Married,10,30
675,55,Marcile,Garcia,Female,Female,Finance,Manager,PhD,Divorced,17,33
676,45,Sarita,Cast,Female,Female,Operations,Senior Developer,Bachelor's,Married,18,46
677,28,Sigfried,Butland,Male,Female,HR,HR Specialist,Bachelor's,Single,13,47
678,24,Niles,Clemenzo,Genderqueer,Other,HR,Developer,PhD,Divorced,19,34
679,32,Ernestine,Hitter,Female,Other,HR,Data Analyst,Bachelor's,Divorced,10,17
680,53,Leonhard,Daubeny,Genderfluid,Female,HR,Data Analyst,Master's,Divorced,14,20
681,30,Willamina,Higgonet,Female,Other,Operations,HR Specialist,Master's,Single,3,15
682,48,Aloysius,Kelshaw,Male,Female,Sales,Developer,Bachelor's,Single,4,19
683,28,Ben,Scandred,Male,Male,Marketing,Manager,Bachelor's,Divorced,19,46
684,38,Estel,Tippett,Female,Female,IT,Data Analyst,Bachelor's,Married,12,18
685,34,Putnem,Bowe,Male,Other,IT,Marketing Lead,Bachelor's,Divorced,5,36
686,34,Michel,Cleife,Female,Female,Operations,Marketing Lead,Bachelor's,Divorced,9,8
687,29,Cordie,Gyorgy,Male,Female,Marketing,Senior Developer,PhD,Married,7,11
688,47,Timothee,Dudson,Male,Other,IT,Developer,Master's,Divorced,13,15
689,35,Ina,Twizell,Female,Male,Operations,Senior Developer,PhD,Married,10,3
690,51,Ashlin,Brodeau,Male,Male,HR,Manager,PhD,Divorced,1,35
691,34,Eilis,Rack,Agender,Other,Sales,Marketing Lead,Bachelor's,Single,6,16
692,43,Marrissa,Spires,Female,Female,HR,Senior Developer,Master's,Divorced,16,19
693,28,Christopher,Matejka,Male,Female,HR,Developer,Bachelor's,Married,1,3
694,48,Nonnah,Turfes,Female,Other,Sales,Manager,Master's,Single,4,41
695,24,Prentice,Scally,Male,Other,Finance,Manager,Master's,Single,3,10
696,59,Celeste,Middleweek,Female,Other,IT,Developer,Bachelor's,Divorced,14,18
697,29,Michel,Furneaux,Male,Female,Sales,Senior Developer,Bachelor's,Single,17,9
698,50,Reiko,Getcliff,Female,Male,Marketing,HR Specialist,PhD,Single,14,18
699,51,Glad,Drogan,Female,Male,Marketing,Senior Developer,Master's,Married,10,4
700,59,Gannie,Janssen,Male,Male,Marketing,Data Analyst,Bachelor's,Divorced,14,42
701,54,Lauren,Foote,Female,Female,Finance,Developer,PhD,Married,6,16
702,30,Wylie,Worrell,Male,Male,Sales,Marketing Lead,PhD,Married,6,14
703,53,Hercule,Brimblecomb,Male,Female,Finance,Senior Developer,Bachelor's,Single,12,35
704,22,Etienne,Phelipeau,Non-binary,Female,Marketing,HR Specialist,Bachelor's,Single,6,8
705,55,Camila,Salvador,Female,Other,HR,Senior Developer,Bachelor's,Married,5,1
706,25,Norbert,Bowman,Non-binary,Female,HR,Marketing Lead,Bachelor's,Single,7,42
707,57,Jemie,Mitchelmore,Female,Other,Finance,Manager,Bachelor's,Married,16,23
708,49,Cletus,Brundale,Male,Female,Operations,Senior Developer,PhD,Married,6,41
709,59,Randi,Barwis,Male,Other,Marketing,Manager,Bachelor's,Divorced,17,39
710,52,Brande,Jillions,Female,Other,Marketing,Data Analyst,Master's,Married,4,24
711,54,Latrena,Micklewicz,Bigender,Female,Marketing,Marketing Lead,Bachelor's,Single,15,21
712,33,Shell,Paynes,Female,Female,Marketing,HR Specialist,Bachelor's,Divorced,19,6
713,59,Silvio,Caldayrou,Male,Female,Sales,Senior Developer,PhD,Divorced,7,46
714,33,Marie-ann,Crosskell,Female,Female,Finance,Manager,PhD,Single,6,36
715,30,Percy,Lambal,Male,Other,Finance,HR Specialist,Master's,Married,7,17
716,28,Genevra,Berzons,Female,Other,Sales,Manager,Bachelor's,Married,2,47
717,46,Chickie,Nann,Female,Other,HR,Manager,Bachelor's,Divorced,6,9
718,60,Benedict,Balk,Male,Female,Finance,Manager,Master's,Divorced,7,27
719,60,Sela,Burdekin,Female,Female,IT,Senior Developer,Bachelor's,Single,9,40
720,42,Franni,Strowthers,Female,Male,Finance,Manager,Bachelor's,Divorced,14,19
721,54,Dominica,Longbone,Female,Male,Operations,Data Analyst,Bachelor's,Married,15,21
722,46,Persis,Bampton,Female,Male,Finance,Data Analyst,PhD,Married,20,4
723,48,Reube,Pandie,Male,Male,HR,Marketing Lead,PhD,Single,4,41
724,60,Jillane,Shivlin,Female,Other,Sales,Developer,PhD,Single,6,1
725,37,Ronica,Alenikov,Female,Male,HR,HR Specialist,Bachelor's,Married,3,23
726,39,Lenee,Wollard,Female,Other,HR,Data Analyst,Bachelor's,Single,10,15
727,47,Leeanne,Marousek,Female,Female,Sales,HR Specialist,Bachelor's,Single,3,47
728,43,Merla,MacCafferky,Female,Other,Operations,Data Analyst,Bachelor's,Divorced,13,18
729,40,Lindsay,Nicolson,Female,Other,IT,Senior Developer,Master's,Divorced,4,12
730,50,Abram,Barbrick,Male,Other,Sales,Senior Developer,Master's,Divorced,9,17
731,30,Genevieve,Rennard,Female,Male,HR,Senior Developer,PhD,Married,3,2
732,30,Arthur,Droghan,Male,Male,Sales,Data Analyst,PhD,Married,11,35
733,48,Willy,Dwelling,Agender,Male,Operations,Developer,Bachelor's,Married,1,43
734,60,Tedd,Redwood,Male,Female,Finance,Marketing Lead,PhD,Divorced,19,50
735,54,Adams,Eborall,Male,Male,Finance,HR Specialist,Bachelor's,Single,8,50
736,41,Jennica,Pellissier,Female,Male,IT,HR Specialist,Bachelor's,Married,16,38
737,57,Mal,Linsay,Male,Male,IT,Senior Developer,Master's,Single,16,7
738,42,Kerri,Oen,Bigender,Female,Sales,Senior Developer,Bachelor's,Divorced,4,47
739,57,Ax,Dofty,Male,Other,Sales,Marketing Lead,PhD,Divorced,1,48
740,35,Gray,Dabinett,Male,Male,Sales,Data Analyst,Bachelor's,Single,2,45
741,34,Zorah,McDougal,Female,Male,Marketing,Manager,PhD,Married,9,25
742,35,Elroy,Simoncello,Male,Female,HR,Marketing Lead,Bachelor's,Divorced,1,42
743,40,Rosemarie,Sherston,Genderfluid,Other,HR,Senior Developer,Bachelor's,Married,19,17
744,44,Marylynne,Boddymead,Female,Male,Operations,Data Analyst,Master's,Divorced,2,41
745,30,Idette,Rowena,Female,Male,IT,HR Specialist,Master's,Divorced,4,41
746,33,Rickey,Kehir,Genderqueer,Female,Finance,Marketing Lead,Bachelor's,Divorced,7,39
747,54,Shell,Pechell,Male,Other,Operations,Manager,PhD,Divorced,17,36
748,56,Shannen,Pead,Female,Male,Operations,Data Analyst,Bachelor's,Divorced,1,14
749,42,Sybille,Eagell,Female,Male,Operations,Developer,Master's,Divorced,13,29
750,29,Kandace,Pinnington,Female,Other,Finance,Developer,PhD,Divorced,20,15
751,44,Penny,Hamer,Male,Female,Finance,HR Specialist,Bachelor's,Married,17,21
752,57,Krista,Plaschke,Female,Female,Finance,Manager,Bachelor's,Married,9,18
753,52,Osborne,Dorie,Male,Male,HR,Marketing Lead,PhD,Divorced,16,14
754,59,Ronny,Danilishin,Male,Male,Marketing,Senior Developer,Bachelor's,Married,16,38
755,58,Rhona,Goodredge,Non-binary,Other,Operations,Senior Developer,Master's,Divorced,11,41
756,48,Siward,Zamboniari,Male,Female,Finance,Manager,PhD,Married,20,49
757,56,Mariejeanne,Calcott,Female,Female,IT,Marketing Lead,Bachelor's,Married,14,26
758,40,Clea,Dable,Female,Other,Sales,Manager,PhD,Single,11,10
759,49,Faustine,De Dantesie,Female,Male,Sales,Marketing Lead,PhD,Divorced,12,29
760,22,Luce,Wapples,Female,Male,IT,Developer,Master's,Married,11,15
761,55,Olga,Lingwood,Female,Other,IT,Marketing Lead,Bachelor's,Divorced,11,47
762,28,Rudy,Hefferon,Male,Male,IT,Marketing Lead,Bachelor's,Divorced,8,47
763,23,Aubrey,Benini,Female,Male,Marketing,Senior Developer,Bachelor's,Single,12,28
764,46,Bernetta,MacKissack,Female,Male,Sales,HR Specialist,Bachelor's,Married,13,24
765,31,Marietta,Bavage,Female,Other,Marketing,Data Analyst,Master's,Divorced,13,10
766,25,Dorthy,Le Quesne,Female,Female,Finance,Data Analyst,Bachelor's,Married,20,31
767,25,Kellby,Dowthwaite,Male,Female,Sales,Senior Developer,PhD,Divorced,2,6
768,34,Lombard,Dericot,Male,Female,IT,Developer,Master's,Divorced,12,32
769,39,Morgen,Cheson,Male,Female,Marketing,Manager,Bachelor's,Divorced,11,12
770,32,Tammi,Imison,Female,Other,HR,Senior Developer,Bachelor's,Divorced,4,30
771,40,Kaitlyn,Jurick,Female,Female,Sales,Manager,Master's,Single,1,12
772,38,Kari,Marmyon,Female,Other,Operations,Senior Developer,PhD,Divorced,15,12
773,31,Shurlocke,Scarrott,Male,Female,IT,Data Analyst,Master's,Divorced,13,13
774,25,Freemon,Bonsey,Male,Male,IT,HR Specialist,PhD,Single,5,37
775,40,Candie,Wedgbrow,Female,Other,Finance,HR Specialist,Master's,Married,1,32
776,35,Christy,Begent,Male,Other,Marketing,Senior Developer,Bachelor's,Single,20,47
777,56,Sheela,Bome,Female,Male,Finance,Senior Developer,Bachelor's,Divorced,4,12
778,24,Rani,Limrick,Female,Other,HR,Data Analyst,Bachelor's,Divorced,17,42
779,44,Beaufort,Wickson,Male,Other,Operations,Manager,Master's,Divorced,9,19
780,50,Judas,Larciere,Male,Female,HR,Manager,Bachelor's,Married,8,2
781,28,Thomasine,Whiteway,Female,Other,Finance,Data Analyst,PhD,Single,12,20
782,57,Elianora,Hext,Genderqueer,Other,Sales,Developer,Master's,Single,15,11
783,36,Zelda,Laister,Female,Other,Sales,Developer,PhD,Single,20,12
784,57,Glendon,MacVagh,Male,Other,Finance,Senior Developer,Bachelor's,Single,16,26
785,46,Kriste,Camelli,Female,Female,Operations,HR Specialist,Bachelor's,Married,17,44
786,37,Ruprecht,Gregore,Male,Other,Operations,Developer,Master's,Divorced,14,39
787,54,Gabrila,Messenger,Female,Other,Finance,Developer,PhD,Divorced,7,13
788,40,Wylie,Silkstone,Male,Other,Sales,Marketing Lead,Bachelor's,Single,1,5
789,25,Nona,Grayham,Female,Other,Marketing,HR Specialist,Master's,Single,11,10
790,46,Hercules,O'Lahy,Male,Female,Operations,Manager,Bachelor's,Single,1,5
791,46,Melita,Caughte,Non-binary,Female,Operations,Manager,Master's,Divorced,12,28
792,48,Errol,Rosiello,Male,Female,Finance,Data Analyst,Bachelor's,Married,2,16
793,42,Terrel,Champkin,Male,Other,Operations,Manager,Bachelor's,Divorced,11,30
794,57,Gordan,Johananoff,Male,Male,IT,Marketing Lead,PhD,Married,15,42
795,25,Anne,Kemer,Female,Male,Marketing,Senior Developer,Master's,Married,8,26
796,22,Bess,Carcass,Female,Female,Finance,Senior Developer,Master's,Single,20,7
797,38,De witt,Kording,Male,Female,IT,Manager,PhD,Single,16,47
798,34,Anabal,Wickwar,Female,Female,IT,HR Specialist,Master's,Divorced,13,34
799,50,Wini,Feldhammer,Female,Female,Finance,Marketing Lead,Master's,Single,20,9
800,36,Jeno,Sheran,Male,Female,Finance,Manager,Master's,Single,3,47
801,45,Sashenka,Watkiss,Bigender,Male,Finance,Manager,Master's,Married,12,49
802,59,Chrissie,Maffezzoli,Male,Female,IT,Senior Developer,PhD,Single,14,1
803,56,Carine,Wibrow,Female,Male,HR,Data Analyst,Bachelor's,Married,16,39
804,60,Sianna,Monteith,Female,Male,Finance,HR Specialist,Master's,Single,4,7
805,34,Cobby,Coverlyn,Male,Other,Finance,Marketing Lead,PhD,Married,13,25
806,34,Regen,Vasiljevic,Male,Male,Marketing,Marketing Lead,Bachelor's,Divorced,10,25
807,40,Cody,Macewan,Male,Female,Finance,Developer,PhD,Married,20,2
808,50,Abbott,Moat,Male,Female,Operations,HR Specialist,Bachelor's,Divorced,7,8
809,33,Paola,Garshore,Female,Female,Operations,Senior Developer,Bachelor's,Married,5,1
810,26,Krystle,Foukx,Female,Other,Marketing,Data Analyst,Bachelor's,Divorced,17,49
811,33,Hanny,Seedman,Female,Male,Marketing,Data Analyst,Bachelor's,Single,19,42
812,33,Kennith,Lamkin,Male,Other,HR,Developer,Bachelor's,Married,17,3
813,54,Corey,Lawry,Male,Female,Finance,Senior Developer,Bachelor's,Married,2,9
814,29,Hilario,Domenget,Male,Female,HR,Manager,Bachelor's,Married,5,16
815,46,Collete,Bertouloume,Female,Female,Operations,Developer,PhD,Married,16,50
816,24,Clio,Deppe,Non-binary,Male,IT,Senior Developer,Master's,Single,3,6
817,49,Glynda,Verey,Female,Female,HR,Manager,Bachelor's,Single,10,18
818,39,Rudolf,Klimecki,Male,Female,Sales,Senior Developer,PhD,Married,18,10
819,57,Goraud,Rapp,Non-binary,Other,Sales,Data Analyst,PhD,Divorced,15,41
820,38,Alvan,Stallan,Male,Male,Sales,HR Specialist,Bachelor's,Divorced,6,39
821,30,Edithe,Tutchell,Female,Male,Marketing,Senior Developer,PhD,Married,15,1
822,32,Debra,Nisard,Female,Other,Operations,HR Specialist,Bachelor's,Married,4,1
823,59,Dorey,Parriss,Male,Female,Sales,Senior Developer,PhD,Single,16,7
824,38,Ingaborg,Ede,Female,Male,Operations,Manager,Master's,Single,18,35
825,22,Eduard,Djurevic,Male,Female,HR,HR Specialist,PhD,Married,8,48
826,43,Yank,O'Corhane,Male,Other,Finance,Marketing Lead,PhD,Divorced,8,22
827,51,Doro,Figg,Female,Female,Marketing,HR Specialist,PhD,Divorced,7,46
828,31,Trumaine,Ingram,Male,Female,Marketing,Manager,Bachelor's,Single,6,6
829,24,Brittne,Dunphie,Female,Male,Sales,HR Specialist,Bachelor's,Single,3,13
830,31,Romy,Avrahamoff,Bigender,Male,IT,Senior Developer,Bachelor's,Married,4,9
831,42,Leonidas,Thomerson,Male,Other,IT,Senior Developer,Master's,Married,14,31
832,60,Celinka,Bumphries,Female,Other,Finance,Marketing Lead,Bachelor's,Single,1,49
833,25,Dickie,O'Fallone,Male,Other,Operations,HR Specialist,Bachelor's,Married,6,37
834,41,Cyndie,Scholefield,Female,Female,HR,Senior Developer,Master's,Single,11,29
835,53,Nell,Dalglish,Female,Female,Sales,HR Specialist,Bachelor's,Married,13,11
836,58,Georgine,Gorbell,Female,Male,Operations,Developer,Bachelor's,Single,9,20
837,57,Horacio,Leborgne,Male,Female,HR,Senior Developer,Master's,Divorced,8,22
838,44,Sayres,Lagneaux,Male,Male,Operations,HR Specialist,Bachelor's,Married,9,31
839,26,Jecho,Seamons,Male,Female,IT,Data Analyst,Bachelor's,Married,16,10
840,42,Bud,Buckland,Male,Other,IT,Senior Developer,Bachelor's,Divorced,4,16
841,55,Heida,Kippin,Female,Male,Sales,Data Analyst,PhD,Divorced,5,4
842,36,Myrtie,Sample,Female,Other,IT,Developer,Bachelor's,Single,18,35
843,33,Grady,Ladel,Male,Other,IT,Developer,Bachelor's,Married,16,45
844,55,Rosy,Poyner,Female,Other,Finance,Senior Developer,PhD,Divorced,3,18
845,26,Reynold,Easby,Male,Other,Finance,Developer,Bachelor's,Single,11,41
846,54,Nicoline,St Quenin,Female,Female,IT,Senior Developer,Master's,Divorced,8,35
847,32,Augustine,Markie,Female,Female,Sales,Manager,Bachelor's,Married,19,8
848,48,Claudetta,O'Hegertie,Female,Other,Sales,Data Analyst,Master's,Married,20,2
849,56,Amara,Clemerson,Female,Other,Operations,Marketing Lead,Bachelor's,Married,3,3
850,56,Claudio,Russi,Male,Other,IT,Manager,PhD,Married,11,7
851,47,Henry,Bilbery,Male,Female,IT,Developer,Master's,Single,13,35
852,27,Laney,Gutierrez,Male,Female,Marketing,Senior Developer,Bachelor's,Single,13,19
853,44,Daron,Maskelyne,Male,Male,Operations,Manager,Master's,Divorced,18,7
854,36,Jessalyn,Eason,Female,Male,Finance,HR Specialist,Bachelor's,Married,14,33
855,35,Halimeda,Blasi,Female,Male,Finance,HR Specialist,Bachelor's,Married,8,27
856,43,Pearce,Potteridge,Male,Male,Sales,HR Specialist,Bachelor's,Married,8,10
857,43,Margaretha,Espadero,Female,Female,HR,Senior Developer,PhD,Single,9,1
858,45,Skyler,Tock,Male,Male,HR,Developer,PhD,Married,4,15
859,40,Salvatore,Silberschatz,Male,Other,IT,Senior Developer,PhD,Single,10,2
860,35,Tova,Tander,Female,Female,IT,Developer,Master's,Divorced,3,15
861,55,Dottie,Gayler,Female,Other,Operations,Marketing Lead,Bachelor's,Divorced,4,28
862,52,Mireielle,Elven,Genderqueer,Female,Marketing,Senior Developer,Master's,Single,3,25
863,57,Teddie,Rosenblad,Male,Female,Marketing,Data Analyst,Bachelor's,Married,11,10
864,22,Barbette,Howlings,Female,Other,Sales,Marketing Lead,PhD,Married,19,23
865,29,Frank,Wanklyn,Female,Other,Operations,Senior Developer,Master's,Divorced,7,42
866,44,Perla,Jeenes,Female,Female,HR,Marketing Lead,Bachelor's,Married,4,19
867,50,Bethanne,Rudge,Bigender,Male,Marketing,Marketing Lead,Bachelor's,Divorced,19,15
868,37,Leann,Monk,Female,Female,HR,Senior Developer,Bachelor's,Married,12,44
869,37,Daniella,Lobb,Female,Male,Operations,Manager,Master's,Single,5,25
870,24,Zandra,Wildgoose,Female,Male,Marketing,HR Specialist,Master's,Single,11,44
871,42,Stern,Rexworthy,Male,Male,Finance,Marketing Lead,Bachelor's,Single,13,46
872,46,Linda,Albrecht,Agender,Other,IT,HR Specialist,Bachelor's,Married,19,8
873,29,Gertrud,Booij,Female,Male,Marketing,Senior Developer,PhD,Divorced,1,32
874,46,Kari,Whoolehan,Bigender,Male,Marketing,Marketing Lead,Bachelor's,Single,10,11
875,38,Hardy,Blundel,Male,Male,Operations,HR Specialist,PhD,Married,2,8
876,56,Brian,Olivas,Male,Female,Sales,HR Specialist,Master's,Divorced,19,15
877,40,Ketty,Pellington,Female,Female,Finance,Developer,Bachelor's,Divorced,18,7
878,23,Reynard,Sworne,Male,Male,IT,Manager,Bachelor's,Divorced,7,19
879,55,Zena,Hupe,Female,Other,Finance,Data Analyst,PhD,Married,13,23
880,45,Melodee,Stoyell,Female,Female,Operations,HR Specialist,Bachelor's,Single,14,5
881,54,Andras,Mewha,Male,Other,Operations,Data Analyst,Bachelor's,Single,11,40
882,54,Kiel,Bruford,Male,Male,IT,Senior Developer,Bachelor's,Single,12,22
883,50,Bone,Vann,Male,Male,Finance,Senior Developer,Bachelor's,Single,5,8
884,53,Hoyt,Thowless,Male,Male,Finance,Developer,PhD,Divorced,17,24
885,24,Monti,Hekkert,Male,Male,Sales,HR Specialist,PhD,Divorced,20,6
886,40,Nada,Readwing,Female,Male,HR,Marketing Lead,Master's,Married,19,3
887,34,Feodora,Pervoe,Female,Female,Finance,Senior Developer,Bachelor's,Single,8,39
888,42,Halsey,McEvoy,Male,Male,Operations,Marketing Lead,Bachelor's,Divorced,4,10
889,54,Chiarra,Imorts,Female,Female,IT,Senior Developer,Master's,Divorced,13,12
890,27,Francine,Archbell,Female,Female,IT,Marketing Lead,PhD,Married,1,28
891,28,Tracey,Brewitt,Male,Female,Sales,Manager,PhD,Single,18,34
892,32,Ive,Sammons,Male,Female,HR,HR Specialist,Master's,Divorced,15,22
893,56,Griffin,Reder,Male,Female,IT,Manager,Bachelor's,Single,11,39
894,56,Marion,Faulconbridge,Female,Female,Sales,Manager,Master's,Divorced,5,12
895,22,Fonzie,Deluze,Male,Other,IT,HR Specialist,Bachelor's,Married,10,44
896,26,Laurence,Gilluley,Male,Male,Marketing,Data Analyst,Master's,Married,8,28
897,35,Gusella,Peasegod,Genderfluid,Female,Operations,Marketing Lead,Bachelor's,Married,16,10
898,35,Aubrey,Ricardot,Male,Male,Finance,Manager,PhD,Married,15,43
899,49,Kelcie,Kingstne,Polygender,Male,HR,HR Specialist,PhD,Divorced,5,44
900,28,Darcie,Cohani,Female,Male,Finance,Marketing Lead,PhD,Divorced,20,20
901,35,Elsie,Tabourel,Female,Female,Finance,HR Specialist,PhD,Married,10,40
902,56,Amabelle,Imbrey,Female,Female,Marketing,HR Specialist,Master's,Divorced,5,19
903,49,Bryanty,Galletley,Male,Male,HR,Data Analyst,PhD,Married,2,23
904,26,Lusa,Peterken,Female,Other,Finance,Manager,Bachelor's,Divorced,20,7
905,31,Deeanne,Putterill,Female,Female,Sales,HR Specialist,PhD,Married,11,18
906,23,Melinde,Pleasance,Agender,Male,IT,HR Specialist,Master's,Divorced,10,32
907,51,Jesse,Mannie,Male,Male,Operations,Senior Developer,Bachelor's,Divorced,17,43
908,43,Olly,Deboo,Female,Female,IT,Manager,PhD,Single,4,24
909,24,Gustaf,Taudevin,Male,Female,Operations,Marketing Lead,PhD,Single,9,17
910,27,Corine,Garrique,Female,Male,Sales,Manager,Bachelor's,Single,19,46
911,26,Adolph,Sayre,Male,Male,IT,Data Analyst,Bachelor's,Single,16,5
912,25,Elliott,Ambage,Male,Other,Marketing,Data Analyst,Master's,Divorced,7,1
913,33,Guilbert,Peart,Male,Male,Sales,HR Specialist,PhD,Divorced,16,10
914,38,Jedidiah,Stummeyer,Male,Female,Marketing,Senior Developer,Bachelor's,Single,10,50
915,57,Marys,Epgrave,Female,Female,HR,Senior Developer,Bachelor's,Married,13,42
916,26,Cam,Ivoshin,Male,Male,IT,Developer,PhD,Married,2,10
917,58,Luciana,Bransom,Female,Other,Marketing,Developer,Bachelor's,Married,11,21
918,36,Noreen,Humberston,Polygender,Male,IT,Senior Developer,Master's,Married,5,10
919,38,Vivyan,Glowinski,Female,Male,HR,Data Analyst,PhD,Married,7,25
920,48,Robby,Brabon,Female,Female,Finance,Manager,PhD,Married,8,29
921,46,Fanny,Jeffs,Female,Other,IT,Manager,Bachelor's,Single,2,47
922,50,Gene,Wildish,Male,Male,HR,HR Specialist,PhD,Divorced,6,31
923,47,Erika,Mocker,Female,Other,Sales,Data Analyst,Master's,Single,16,5
924,49,Dannie,Benn,Male,Other,IT,Developer,Bachelor's,Divorced,13,8
925,42,Sandor,Tayler,Non-binary,Male,Sales,Senior Developer,Bachelor's,Divorced,10,37
926,23,Corney,Rubega,Polygender,Female,HR,Data Analyst,Master's,Single,6,28
927,46,Zarla,Fawcus,Female,Female,Sales,HR Specialist,Bachelor's,Single,1,47
928,29,Lana,Wear,Female,Other,Marketing,Marketing Lead,PhD,Divorced,18,18
929,56,Othello,Darnbrough,Male,Female,Finance,Data Analyst,Master's,Divorced,13,10
930,22,Kelsey,Poor,Female,Female,Sales,Marketing Lead,Bachelor's,Married,11,6
931,26,Trumann,Rupprecht,Male,Male,Marketing,Manager,Bachelor's,Married,14,21
932,59,Remington,Ugolini,Male,Other,Finance,HR Specialist,Bachelor's,Single,16,9
933,24,Esdras,Blankenship,Male,Other,HR,HR Specialist,Bachelor's,Single,12,12
934,26,Jefferson,Dufton,Male,Male,HR,Senior Developer,PhD,Divorced,13,50
935,44,Sol,Rehorek,Male,Other,IT,Data Analyst,PhD,Single,13,25
936,54,Augy,Dillway,Male,Other,Marketing,HR Specialist,Bachelor's,Single,3,23
937,28,Gabby,Pawlicki,Male,Other,Operations,Senior Developer,PhD,Single,17,21
938,40,Far,Pods,Male,Male,Finance,Developer,Master's,Married,10,32
939,41,Tersina,Duxbury,Polygender,Female,IT,Data Analyst,Master's,Divorced,10,28
940,60,Rene,Klimov,Female,Female,IT,HR Specialist,Master's,Divorced,7,31
941,27,Way,Pickworth,Male,Other,HR,Data Analyst,Bachelor's,Divorced,18,45
942,40,Ann-marie,Hassall,Female,Female,Sales,Data Analyst,Bachelor's,Divorced,13,27
943,50,Ardyth,Jimenez,Female,Male,Finance,Manager,Bachelor's,Married,4,39
944,46,Kati,Grubb,Female,Female,Operations,Data Analyst,PhD,Married,5,41
945,47,Bev,Thonason,Female,Male,HR,Manager,Bachelor's,Married,11,22
946,23,Valentina,Hedderly,Female,Other,HR,HR Specialist,Bachelor's,Divorced,19,9
947,52,Lucho,Cuppitt,Male,Male,Operations,Data Analyst,PhD,Divorced,2,42
948,32,Lita,Sparsholt,Female,Male,Sales,Developer,Bachelor's,Married,10,16
949,56,Caryl,Brickham,Female,Male,Marketing,Marketing Lead,Bachelor's,Single,15,25
950,36,Griffith,Allabarton,Male,Other,Marketing,Manager,PhD,Single,6,27
951,30,Oswell,Rosenzwig,Male,Female,Operations,Developer,Master's,Married,19,36
952,47,Charlene,Tremontana,Female,Female,Finance,HR Specialist,Master's,Married,5,32
953,56,Kelly,Greschik,Male,Male,Sales,Developer,PhD,Divorced,15,35
954,40,Thomasine,Heild,Female,Male,Sales,Data Analyst,PhD,Married,16,35
955,31,Allin,Auld,Male,Female,IT,Marketing Lead,Master's,Married,10,32
956,41,Beatrix,Chuck,Non-binary,Other,Sales,Marketing Lead,Master's,Single,5,35
957,45,Simeon,Keenlayside,Male,Male,Operations,Marketing Lead,Bachelor's,Married,7,35
958,22,Willey,Mapham,Male,Female,Finance,Senior Developer,Bachelor's,Divorced,7,15
959,57,Dorotea,O'Dunniom,Female,Male,Sales,Data Analyst,Bachelor's,Single,7,25
960,57,Maurie,McKee,Male,Male,IT,Manager,Bachelor's,Divorced,1,6
961,31,Timmy,Blankett,Male,Male,Marketing,Marketing Lead,Master's,Divorced,12,38
962,29,Lorena,Gamlen,Female,Other,Sales,Developer,Bachelor's,Single,19,46
963,24,Alexandrina,Slatford,Female,Other,Sales,Data Analyst,PhD,Divorced,4,27
964,22,Haydon,Espina,Male,Female,Finance,Manager,Bachelor's,Divorced,5,34
965,58,Farica,Lehrer,Female,Other,Operations,Marketing Lead,Bachelor's,Single,13,37
966,60,Odo,Iannazzi,Male,Other,Operations,Data Analyst,PhD,Divorced,14,50
967,47,Mercie,Glander,Non-binary,Male,IT,Developer,Bachelor's,Divorced,6,45
968,56,Faustine,Finker,Female,Female,Sales,Manager,Bachelor's,Single,2,48
969,57,Mahmud,Leynagh,Male,Male,Finance,Manager,Bachelor's,Divorced,4,15
970,27,Emilio,Tomich,Male,Male,IT,HR Specialist,PhD,Single,12,45
971,41,Rhea,Baughen,Female,Male,Operations,Developer,PhD,Single,16,6
972,35,Ailsun,Shutle,Female,Female,HR,HR Specialist,PhD,Single,6,16
973,44,Eugenio,Freegard,Male,Male,IT,Marketing Lead,PhD,Married,2,24
974,35,Margy,Sturte,Female,Other,HR,Manager,Master's,Married,4,1
975,48,Georgi,Ropert,Male,Other,HR,Developer,Master's,Single,17,14
976,54,Roland,Riquet,Male,Female,IT,Developer,PhD,Married,11,2
977,31,Immanuel,Hance,Male,Other,IT,Senior Developer,Master's,Single,19,24
978,32,Duane,Boothby,Male,Male,Finance,Data Analyst,Bachelor's,Married,14,36
979,33,Teresita,Grevatt,Female,Male,IT,Marketing Lead,Bachelor's,Married,5,31
980,36,Abraham,Caustic,Male,Female,Marketing,Data Analyst,Bachelor's,Divorced,13,9
981,38,Demeter,Slafford,Female,Other,Operations,Manager,Bachelor's,Married,8,8
982,34,Chan,Mirfield,Male,Male,Sales,Marketing Lead,Bachelor's,Divorced,2,4
983,29,Flossie,Hankard,Female,Other,IT,Data Analyst,Bachelor's,Married,4,23
984,33,Burg,Sparshott,Male,Other,HR,Senior Developer,Bachelor's,Single,8,24
985,58,Donavon,Fidoe,Male,Male,HR,Senior Developer,Bachelor's,Divorced,13,50
986,25,Kacie,Halfhead,Female,Male,IT,Developer,Bachelor's,Married,16,9
987,57,Dale,Dooland,Polygender,Female,Sales,Senior Developer,Bachelor's,Married,10,19
988,51,Heinrick,Penhaleurack,Male,Male,Sales,Marketing Lead,PhD,Single,20,30
989,57,Cindi,Simko,Female,Female,Finance,Manager,Bachelor's,Divorced,6,10
990,26,Bendite,Breslane,Female,Other,Finance,Data Analyst,Bachelor's,Single,13,36
991,40,Nelson,Dreghorn,Male,Other,Finance,HR Specialist,PhD,Divorced,3,27
992,26,Aube,Ivons,Male,Female,Sales,Data Analyst,Bachelor's,Single,15,16
993,38,Lissie,Purse,Female,Female,HR,Marketing Lead,Bachelor's,Married,13,14
994,28,Raffarty,Athelstan,Male,Other,Finance,Data Analyst,Master's,Single,9,15
995,34,Debbie,Blackborough,Female,Male,IT,Senior Developer,PhD,Married,15,4
996,59,Wain,Lyffe,Male,Male,Finance,Data Analyst,Bachelor's,Married,12,48
997,53,Agustin,Pile,Male,Other,IT,Senior Developer,PhD,Single,1,9
998,43,Curtis,Maxfield,Genderfluid,Female,IT,Developer,PhD,Married,4,8
999,44,Hamilton,Aimable,Male,Female,HR,Developer,Bachelor's,Married,4,45
1000,30,Frederico,Tokley,Male,Other,Operations,Developer,Bachelor's,Single,3,46
